2026/09/04 09:58:35.800, 109.43 W, 401.00 W, 1785 MHz, 15368 MHz, 37, 0 %
2026/09/04 09:58:36.804, 78.59 W, 401.00 W, 382 MHz, 16004 MHz, 36, 0 %
2026/09/04 09:58:37.804, 72.84 W, 401.00 W, 2610 MHz, 15368 MHz, 36, 0 %
2026/09/04 09:58:38.805, 88.83 W, 401.00 W, 2610 MHz, 15368 MHz, 37, 0 %
2026/09/04 09:58:39.805, 87.94 W, 401.00 W, 2610 MHz, 15368 MHz, 37, 0 %
2026/09/04 09:58:40.806, 87.96 W, 401.00 W, 2610 MHz, 15368 MHz, 37, 0 %
2026/09/04 09:58:41.806, 88.01 W, 401.00 W, 2610 MHz, 15368 MHz, 37, 0 %
2026/09/04 09:58:42.807, 87.89 W, 401.00 W, 2610 MHz, 15368 MHz, 37, 0 %
2026/09/04 09:58:43.808, 87.85 W, 401.00 W, 2610 MHz, 15368 MHz, 37, 0 %
2026/09/04 09:58:44.808, 88.34 W, 401.00 W, 2610 MHz, 15368 MHz, 37, 0 %
2026/09/04 09:58:45.809, 88.00 W, 401.00 W, 2610 MHz, 15368 MHz, 37, 0 %
2026/09/04 09:58:46.809, 87.91 W, 401.00 W, 2610 MHz, 15368 MHz, 37, 0 %
2026/09/04 09:58:48.083, 89.15 W, 401.00 W, 2610 MHz, 15368 MHz, 37, 0 %
2026/09/04 09:58:49.083, 89.45 W, 401.00 W, 2610 MHz, 15368 MHz, 37, 0 %
2026/09/04 09:58:50.083, 88.06 W, 401.00 W, 2610 MHz, 15368 MHz, 37, 0 %
2026/09/04 09:58:51.084, 88.02 W, 401.00 W, 2610 MHz, 15368 MHz, 38, 0 %
2026/09/04 09:58:52.085, 90.23 W, 401.00 W, 2625 MHz, 15368 MHz, 38, 100 %
2026/09/04 09:58:53.085, 110.54 W, 401.00 W, 2850 MHz, 15368 MHz, 38, 100 %
2026/09/04 09:58:54.086, 112.47 W, 401.00 W, 2850 MHz, 15368 MHz, 38, 85 %
2026/09/04 09:58:55.087, 112.63 W, 401.00 W, 2850 MHz, 15368 MHz, 39, 91 %
2026/09/04 09:58:56.090, 106.60 W, 401.00 W, 2842 MHz, 15368 MHz, 39, 10 %
2026/09/04 09:58:57.091, 121.89 W, 401.00 W, 2640 MHz, 15368 MHz, 40, 10 %
2026/09/04 09:58:58.091, 93.17 W, 401.00 W, 2610 MHz, 15368 MHz, 38, 0 %
2026/09/04 09:58:59.092, 88.72 W, 401.00 W, 2610 MHz, 15368 MHz, 38, 0 %
2026/09/04 09:59:00.093, 88.07 W, 401.00 W, 2610 MHz, 15368 MHz, 38, 0 %
2026/09/04 09:59:01.093, 88.21 W, 401.00 W, 2610 MHz, 15368 MHz, 38, 0 %
2026/09/04 09:59:02.094, 88.11 W, 401.00 W, 2610 MHz, 15368 MHz, 38, 1 %
2026/09/04 09:59:03.095, 153.53 W, 401.00 W, 2730 MHz, 15368 MHz, 39, 7 %
2026/09/04 09:59:04.096, 105.12 W, 401.00 W, 2730 MHz, 15368 MHz, 39, 5 %
2026/09/04 09:59:05.096, 110.73 W, 401.00 W, 2617 MHz, 15368 MHz, 39, 29 %
2026/09/04 09:59:06.097, 153.43 W, 401.00 W, 2775 MHz, 15368 MHz, 41, 25 %
2026/09/04 09:59:07.098, 161.87 W, 401.00 W, 2775 MHz, 15368 MHz, 41, 29 %
2026/09/04 09:59:08.098, 163.35 W, 401.00 W, 2782 MHz, 15368 MHz, 41, 25 %
2026/09/04 09:59:09.099, 161.13 W, 401.00 W, 2775 MHz, 15368 MHz, 41, 25 %
2026/09/04 09:59:10.099, 161.05 W, 401.00 W, 2775 MHz, 15368 MHz, 41, 25 %
2026/09/04 09:59:11.100, 161.46 W, 401.00 W, 2775 MHz, 15368 MHz, 41, 25 %
2026/09/04 09:59:12.101, 161.22 W, 401.00 W, 2775 MHz, 15368 MHz, 42, 25 %
2026/09/04 09:59:13.101, 118.36 W, 401.00 W, 2610 MHz, 15368 MHz, 40, 0 %
2026/09/04 09:59:14.102, 89.58 W, 401.00 W, 2610 MHz, 15368 MHz, 40, 7 %
2026/09/04 09:59:15.102, 363.33 W, 401.00 W, 2212 MHz, 15368 MHz, 49, 98 %
2026/09/04 09:59:16.103, 365.41 W, 401.00 W, 2782 MHz, 15368 MHz, 49, 91 %
2026/09/04 09:59:17.104, 290.92 W, 401.00 W, 2782 MHz, 15368 MHz, 45, 91 %
2026/09/04 09:59:18.105, 275.45 W, 401.00 W, 2820 MHz, 15368 MHz, 44, 0 %
2026/09/04 09:59:19.105, 351.24 W, 401.00 W, 2167 MHz, 15368 MHz, 51, 98 %
2026/09/04 09:59:20.106, 378.28 W, 401.00 W, 2640 MHz, 15368 MHz, 47, 91 %
2026/09/04 09:59:21.107, 301.50 W, 401.00 W, 2775 MHz, 15368 MHz, 50, 92 %
2026/09/04 09:59:22.107, 310.43 W, 401.00 W, 2782 MHz, 15368 MHz, 48, 90 %
2026/09/04 09:59:23.108, 316.86 W, 401.00 W, 2130 MHz, 15368 MHz, 52, 99 %
2026/09/04 09:59:24.108, 257.65 W, 401.00 W, 2790 MHz, 15368 MHz, 49, 92 %
2026/09/04 09:59:25.109, 204.03 W, 401.00 W, 2827 MHz, 15368 MHz, 45, 19 %
2026/09/04 09:59:26.110, 148.34 W, 401.00 W, 2827 MHz, 15368 MHz, 46, 26 %
2026/09/04 09:59:27.110, 166.38 W, 401.00 W, 2767 MHz, 15368 MHz, 45, 29 %
2026/09/04 09:59:28.111, 162.46 W, 401.00 W, 2760 MHz, 15368 MHz, 45, 26 %
2026/09/04 09:59:29.112, 164.86 W, 401.00 W, 2767 MHz, 15368 MHz, 46, 26 %
2026/09/04 09:59:30.112, 165.79 W, 401.00 W, 2760 MHz, 15368 MHz, 46, 26 %
2026/09/04 09:59:31.113, 163.48 W, 401.00 W, 2767 MHz, 15368 MHz, 45, 32 %
2026/09/04 09:59:32.114, 165.65 W, 401.00 W, 2760 MHz, 15368 MHz, 46, 27 %
2026/09/04 09:59:33.114, 165.36 W, 401.00 W, 2760 MHz, 15368 MHz, 46, 26 %
2026/09/04 09:59:34.115, 101.37 W, 401.00 W, 2610 MHz, 15368 MHz, 44, 0 %
2026/09/04 09:59:35.115, 90.12 W, 401.00 W, 2610 MHz, 15368 MHz, 44, 0 %
2026/09/04 09:59:36.116, 178.55 W, 401.00 W, 2505 MHz, 15368 MHz, 52, 98 %
2026/09/04 09:59:37.117, 406.42 W, 401.00 W, 2220 MHz, 15368 MHz, 54, 98 %
2026/09/04 09:59:38.117, 328.80 W, 401.00 W, 2767 MHz, 15368 MHz, 52, 98 %
2026/09/04 09:59:39.118, 311.69 W, 401.00 W, 2767 MHz, 15368 MHz, 53, 98 %
2026/09/04 09:59:40.120, 288.57 W, 401.00 W, 2490 MHz, 15368 MHz, 55, 98 %
2026/09/04 09:59:41.121, 402.11 W, 401.00 W, 2197 MHz, 15368 MHz, 55, 99 %
2026/09/04 09:59:42.122, 339.85 W, 401.00 W, 2767 MHz, 15368 MHz, 52, 99 %
2026/09/04 09:59:43.122, 319.23 W, 401.00 W, 2775 MHz, 15368 MHz, 53, 95 %
2026/09/04 09:59:44.123, 293.89 W, 401.00 W, 2347 MHz, 15368 MHz, 55, 99 %
2026/09/04 09:59:45.124, 316.48 W, 401.00 W, 2790 MHz, 15368 MHz, 52, 99 %
2026/09/04 09:59:46.125, 244.59 W, 401.00 W, 2812 MHz, 15368 MHz, 49, 0 %
2026/09/04 09:59:47.126, 138.92 W, 401.00 W, 2827 MHz, 15368 MHz, 50, 26 %
2026/09/04 09:59:48.126, 169.02 W, 401.00 W, 2760 MHz, 15368 MHz, 49, 26 %
2026/09/04 09:59:49.127, 167.29 W, 401.00 W, 2760 MHz, 15368 MHz, 49, 26 %
2026/09/04 09:59:50.127, 165.60 W, 401.00 W, 2767 MHz, 15368 MHz, 49, 26 %
2026/09/04 09:59:51.128, 167.98 W, 401.00 W, 2760 MHz, 15368 MHz, 49, 26 %
2026/09/04 09:59:52.129, 168.51 W, 401.00 W, 2760 MHz, 15368 MHz, 49, 27 %
2026/09/04 09:59:53.129, 168.02 W, 401.00 W, 2767 MHz, 15368 MHz, 49, 26 %
2026/09/04 09:59:54.130, 167.52 W, 401.00 W, 2760 MHz, 15368 MHz, 49, 26 %
2026/09/04 09:59:55.131, 111.90 W, 401.00 W, 2610 MHz, 15368 MHz, 47, 0 %
2026/09/04 09:59:56.132, 91.61 W, 401.00 W, 2610 MHz, 15368 MHz, 47, 0 %
2026/09/04 09:59:57.132, 110.71 W, 401.00 W, 2662 MHz, 15368 MHz, 53, 52 %
2026/09/04 09:59:58.133, 400.69 W, 401.00 W, 2190 MHz, 15368 MHz, 56, 98 %
2026/09/04 09:59:59.134, 356.20 W, 401.00 W, 2767 MHz, 15368 MHz, 53, 99 %
2026/09/04 10:00:00.134, 316.26 W, 401.00 W, 2775 MHz, 15368 MHz, 53, 98 %
2026/09/04 10:00:01.135, 258.46 W, 401.00 W, 2827 MHz, 15368 MHz, 56, 46 %
2026/09/04 10:00:02.135, 414.05 W, 401.00 W, 2137 MHz, 15368 MHz, 57, 98 %
2026/09/04 10:00:03.136, 364.65 W, 401.00 W, 2760 MHz, 15368 MHz, 57, 98 %
2026/09/04 10:00:04.137, 319.88 W, 401.00 W, 2767 MHz, 15368 MHz, 54, 99 %
2026/09/04 10:00:05.138, 260.64 W, 401.00 W, 2835 MHz, 15368 MHz, 51, 22 %
2026/09/04 10:00:06.140, 407.75 W, 401.00 W, 2115 MHz, 15368 MHz, 59, 99 %
2026/09/04 10:00:07.141, 377.52 W, 401.00 W, 2752 MHz, 15368 MHz, 59, 92 %
2026/09/04 10:00:08.141, 323.65 W, 401.00 W, 2767 MHz, 15368 MHz, 55, 99 %
2026/09/04 10:00:09.142, 325.35 W, 401.00 W, 2790 MHz, 15368 MHz, 54, 33 %
2026/09/04 10:00:10.143, 340.51 W, 401.00 W, 2205 MHz, 15368 MHz, 59, 98 %
2026/09/04 10:00:11.144, 400.76 W, 401.00 W, 2137 MHz, 15368 MHz, 60, 99 %
2026/09/04 10:00:12.144, 320.52 W, 401.00 W, 2767 MHz, 15368 MHz, 60, 94 %
2026/09/04 10:00:13.145, 335.50 W, 401.00 W, 2767 MHz, 15368 MHz, 58, 98 %
2026/09/04 10:00:14.146, 271.30 W, 401.00 W, 2782 MHz, 15368 MHz, 61, 99 %
2026/09/04 10:00:15.147, 406.05 W, 401.00 W, 2145 MHz, 15368 MHz, 61, 98 %
2026/09/04 10:00:16.148, 362.18 W, 401.00 W, 2760 MHz, 15368 MHz, 58, 99 %
2026/09/04 10:00:17.148, 331.11 W, 401.00 W, 2760 MHz, 15368 MHz, 59, 99 %
2026/09/04 10:00:18.149, 314.58 W, 401.00 W, 2775 MHz, 15368 MHz, 57, 68 %
2026/09/04 10:00:19.150, 315.05 W, 401.00 W, 2205 MHz, 15368 MHz, 62, 99 %
2026/09/04 10:00:20.151, 401.57 W, 401.00 W, 2085 MHz, 15368 MHz, 61, 98 %
2026/09/04 10:00:21.152, 358.96 W, 401.00 W, 2760 MHz, 15368 MHz, 60, 98 %
2026/09/04 10:00:22.153, 349.25 W, 401.00 W, 2760 MHz, 15368 MHz, 60, 98 %
2026/09/04 10:00:23.154, 242.88 W, 401.00 W, 2827 MHz, 15368 MHz, 55, 0 %
2026/09/04 10:00:24.155, 399.25 W, 401.00 W, 2145 MHz, 15368 MHz, 62, 98 %
2026/09/04 10:00:25.156, 397.66 W, 401.00 W, 2092 MHz, 15368 MHz, 63, 99 %
2026/09/04 10:00:26.157, 353.65 W, 401.00 W, 2752 MHz, 15368 MHz, 59, 99 %
2026/09/04 10:00:27.157, 349.39 W, 401.00 W, 2752 MHz, 15368 MHz, 60, 98 %
2026/09/04 10:00:28.158, 244.84 W, 401.00 W, 2805 MHz, 15368 MHz, 59, 74 %
2026/09/04 10:00:29.159, 413.82 W, 401.00 W, 2070 MHz, 15368 MHz, 63, 99 %
2026/09/04 10:00:30.160, 390.64 W, 401.00 W, 2175 MHz, 15368 MHz, 63, 98 %
2026/09/04 10:00:31.161, 343.51 W, 401.00 W, 2752 MHz, 15368 MHz, 64, 99 %
2026/09/04 10:00:32.162, 357.36 W, 401.00 W, 2752 MHz, 15368 MHz, 60, 99 %
2026/09/04 10:00:33.163, 238.54 W, 401.00 W, 2805 MHz, 15368 MHz, 60, 71 %
2026/09/04 10:00:34.164, 413.83 W, 401.00 W, 2032 MHz, 15368 MHz, 63, 98 %
2026/09/04 10:00:35.165, 394.76 W, 401.00 W, 2070 MHz, 15368 MHz, 63, 98 %
2026/09/04 10:00:36.166, 352.74 W, 401.00 W, 2752 MHz, 15368 MHz, 62, 98 %
2026/09/04 10:00:37.166, 351.74 W, 401.00 W, 2745 MHz, 15368 MHz, 61, 99 %
2026/09/04 10:00:38.167, 241.31 W, 401.00 W, 2827 MHz, 15368 MHz, 57, 0 %
2026/09/04 10:00:39.168, 397.72 W, 401.00 W, 2092 MHz, 15368 MHz, 64, 98 %
2026/09/04 10:00:40.169, 401.71 W, 401.00 W, 2092 MHz, 15368 MHz, 65, 99 %
2026/09/04 10:00:41.170, 360.19 W, 401.00 W, 2745 MHz, 15368 MHz, 62, 99 %
2026/09/04 10:00:42.171, 355.98 W, 401.00 W, 2737 MHz, 15368 MHz, 65, 99 %
2026/09/04 10:00:43.172, 288.17 W, 401.00 W, 2827 MHz, 15368 MHz, 58, 1 %
2026/09/04 10:00:44.173, 342.06 W, 401.00 W, 2190 MHz, 15368 MHz, 65, 99 %
2026/09/04 10:00:45.173, 401.26 W, 401.00 W, 2085 MHz, 15368 MHz, 65, 99 %
2026/09/04 10:00:46.174, 369.88 W, 401.00 W, 2730 MHz, 15368 MHz, 62, 99 %
2026/09/04 10:00:47.175, 361.71 W, 401.00 W, 2737 MHz, 15368 MHz, 63, 99 %
2026/09/04 10:00:48.176, 374.37 W, 401.00 W, 2730 MHz, 15368 MHz, 62, 98 %
2026/09/04 10:00:49.176, 244.60 W, 401.00 W, 2722 MHz, 15368 MHz, 64, 99 %
2026/09/04 10:00:50.177, 405.07 W, 401.00 W, 2062 MHz, 15368 MHz, 65, 98 %
2026/09/04 10:00:51.177, 401.02 W, 401.00 W, 2077 MHz, 15368 MHz, 66, 99 %
2026/09/04 10:00:52.178, 359.64 W, 401.00 W, 2730 MHz, 15368 MHz, 66, 99 %
2026/09/04 10:00:53.179, 359.33 W, 401.00 W, 2730 MHz, 15368 MHz, 67, 99 %
2026/09/04 10:00:54.180, 299.96 W, 401.00 W, 2827 MHz, 15368 MHz, 60, 0 %
2026/09/04 10:00:55.181, 304.05 W, 401.00 W, 2205 MHz, 15368 MHz, 66, 99 %
2026/09/04 10:00:56.182, 401.97 W, 401.00 W, 2115 MHz, 15368 MHz, 66, 98 %
2026/09/04 10:00:57.182, 383.83 W, 401.00 W, 2527 MHz, 15368 MHz, 64, 98 %
2026/09/04 10:00:58.183, 364.24 W, 401.00 W, 2730 MHz, 15368 MHz, 69, 99 %
2026/09/04 10:00:59.184, 366.29 W, 401.00 W, 2730 MHz, 15368 MHz, 66, 98 %
2026/09/04 10:01:00.185, 232.65 W, 401.00 W, 2827 MHz, 15368 MHz, 60, 0 %
2026/09/04 10:01:01.185, 400.08 W, 401.00 W, 2160 MHz, 15368 MHz, 66, 99 %
2026/09/04 10:01:02.186, 400.69 W, 401.00 W, 2100 MHz, 15368 MHz, 67, 99 %
2026/09/04 10:01:03.187, 372.35 W, 401.00 W, 2722 MHz, 15368 MHz, 66, 99 %
2026/09/04 10:01:04.188, 373.64 W, 401.00 W, 2737 MHz, 15368 MHz, 65, 99 %
2026/09/04 10:01:05.188, 366.45 W, 401.00 W, 2715 MHz, 15368 MHz, 67, 100 %
2026/09/04 10:01:06.190, 213.37 W, 401.00 W, 2827 MHz, 15368 MHz, 60, 7 %
2026/09/04 10:01:07.191, 417.46 W, 401.00 W, 2130 MHz, 15368 MHz, 68, 99 %
2026/09/04 10:01:08.192, 401.61 W, 401.00 W, 2122 MHz, 15368 MHz, 67, 99 %
2026/09/04 10:01:09.193, 348.32 W, 401.00 W, 2730 MHz, 15368 MHz, 64, 93 %
2026/09/04 10:01:10.194, 353.10 W, 401.00 W, 2752 MHz, 15368 MHz, 68, 88 %
2026/09/04 10:01:11.195, 345.40 W, 401.00 W, 2737 MHz, 15368 MHz, 64, 63 %
2026/09/04 10:01:12.195, 154.14 W, 401.00 W, 2827 MHz, 15368 MHz, 62, 27 %
2026/09/04 10:01:13.196, 183.49 W, 401.00 W, 2767 MHz, 15368 MHz, 62, 27 %
2026/09/04 10:01:14.197, 175.98 W, 401.00 W, 2752 MHz, 15368 MHz, 61, 26 %
2026/09/04 10:01:15.197, 177.16 W, 401.00 W, 2752 MHz, 15368 MHz, 61, 27 %
2026/09/04 10:01:16.198, 177.44 W, 401.00 W, 2752 MHz, 15368 MHz, 61, 27 %
2026/09/04 10:01:17.199, 174.82 W, 401.00 W, 2752 MHz, 15368 MHz, 60, 26 %
2026/09/04 10:01:18.199, 176.86 W, 401.00 W, 2752 MHz, 15368 MHz, 60, 27 %
2026/09/04 10:01:19.200, 173.69 W, 401.00 W, 2752 MHz, 15368 MHz, 60, 26 %
2026/09/04 10:01:20.201, 162.99 W, 401.00 W, 2692 MHz, 15368 MHz, 58, 0 %
2026/09/04 10:01:21.201, 101.51 W, 401.00 W, 2610 MHz, 15368 MHz, 58, 0 %
2026/09/04 10:01:22.201, 100.58 W, 401.00 W, 2610 MHz, 15368 MHz, 57, 0 %
2026/09/04 10:01:23.202, 100.63 W, 401.00 W, 2610 MHz, 15368 MHz, 57, 0 %
2026/09/04 10:01:24.202, 99.54 W, 401.00 W, 2610 MHz, 15368 MHz, 57, 0 %
2026/09/04 10:01:25.202, 99.38 W, 401.00 W, 2610 MHz, 15368 MHz, 57, 0 %
2026/09/04 10:01:26.203, 98.92 W, 401.00 W, 2610 MHz, 15368 MHz, 56, 0 %
2026/09/04 10:01:27.203, 99.02 W, 401.00 W, 2610 MHz, 15368 MHz, 56, 0 %
2026/09/04 10:01:28.204, 238.53 W, 401.00 W, 2362 MHz, 15368 MHz, 63, 98 %
2026/09/04 10:01:29.205, 401.78 W, 401.00 W, 2167 MHz, 15368 MHz, 64, 98 %
2026/09/04 10:01:30.206, 331.60 W, 401.00 W, 2752 MHz, 15368 MHz, 64, 98 %
2026/09/04 10:01:31.206, 332.55 W, 401.00 W, 2752 MHz, 15368 MHz, 64, 98 %
2026/09/04 10:01:32.207, 306.74 W, 401.00 W, 2400 MHz, 15368 MHz, 65, 98 %
2026/09/04 10:01:33.208, 402.45 W, 401.00 W, 2130 MHz, 15368 MHz, 66, 98 %
2026/09/04 10:01:34.208, 345.74 W, 401.00 W, 2752 MHz, 15368 MHz, 66, 99 %
2026/09/04 10:01:35.209, 331.66 W, 401.00 W, 2752 MHz, 15368 MHz, 66, 98 %
2026/09/04 10:01:36.209, 289.44 W, 401.00 W, 2647 MHz, 15368 MHz, 66, 99 %
2026/09/04 10:01:37.210, 406.50 W, 401.00 W, 2085 MHz, 15368 MHz, 66, 98 %
2026/09/04 10:01:38.211, 360.68 W, 401.00 W, 2745 MHz, 15368 MHz, 65, 98 %
2026/09/04 10:01:39.211, 339.47 W, 401.00 W, 2752 MHz, 15368 MHz, 66, 98 %
2026/09/04 10:01:40.212, 264.20 W, 401.00 W, 2827 MHz, 15368 MHz, 60, 9 %
2026/09/04 10:01:41.212, 418.69 W, 401.00 W, 2010 MHz, 15368 MHz, 66, 99 %
2026/09/04 10:01:42.213, 380.94 W, 401.00 W, 2355 MHz, 15368 MHz, 64, 99 %
2026/09/04 10:01:43.214, 355.57 W, 401.00 W, 2745 MHz, 15368 MHz, 69, 98 %
2026/09/04 10:01:44.214, 342.35 W, 401.00 W, 2737 MHz, 15368 MHz, 64, 75 %
2026/09/04 10:01:45.214, 296.61 W, 401.00 W, 2212 MHz, 15368 MHz, 67, 99 %
2026/09/04 10:01:46.215, 401.05 W, 401.00 W, 2092 MHz, 15368 MHz, 68, 99 %
2026/09/04 10:01:47.216, 360.73 W, 401.00 W, 2745 MHz, 15368 MHz, 67, 99 %
2026/09/04 10:01:48.216, 350.13 W, 401.00 W, 2745 MHz, 15368 MHz, 69, 98 %
2026/09/04 10:01:49.217, 260.84 W, 401.00 W, 2827 MHz, 15368 MHz, 63, 16 %
2026/09/04 10:01:50.217, 395.09 W, 401.00 W, 2032 MHz, 15368 MHz, 68, 99 %
2026/09/04 10:01:51.220, 388.82 W, 401.00 W, 2085 MHz, 15368 MHz, 67, 99 %
2026/09/04 10:01:52.220, 355.68 W, 401.00 W, 2745 MHz, 15368 MHz, 68, 98 %
2026/09/04 10:01:53.221, 352.49 W, 401.00 W, 2737 MHz, 15368 MHz, 66, 98 %
2026/09/04 10:01:54.221, 277.75 W, 401.00 W, 2550 MHz, 15368 MHz, 68, 98 %
2026/09/04 10:01:55.222, 402.66 W, 401.00 W, 2122 MHz, 15368 MHz, 68, 99 %
2026/09/04 10:01:56.223, 379.05 W, 401.00 W, 2700 MHz, 15368 MHz, 66, 99 %
2026/09/04 10:01:57.223, 358.85 W, 401.00 W, 2745 MHz, 15368 MHz, 68, 100 %
2026/09/04 10:01:58.224, 367.34 W, 401.00 W, 2730 MHz, 15368 MHz, 67, 97 %
2026/09/04 10:01:59.224, 281.32 W, 401.00 W, 2317 MHz, 15368 MHz, 68, 98 %
2026/09/04 10:02:00.225, 400.94 W, 401.00 W, 2040 MHz, 15368 MHz, 68, 99 %
2026/09/04 10:02:01.225, 381.67 W, 401.00 W, 2730 MHz, 15368 MHz, 70, 98 %
2026/09/04 10:02:02.226, 353.45 W, 401.00 W, 2730 MHz, 15368 MHz, 68, 98 %
2026/09/04 10:02:03.227, 366.71 W, 401.00 W, 2730 MHz, 15368 MHz, 66, 77 %
2026/09/04 10:02:04.227, 272.19 W, 401.00 W, 2362 MHz, 15368 MHz, 69, 99 %
2026/09/04 10:02:05.228, 401.09 W, 401.00 W, 2077 MHz, 15368 MHz, 69, 99 %
2026/09/04 10:02:06.228, 381.82 W, 401.00 W, 2670 MHz, 15368 MHz, 67, 99 %
2026/09/04 10:02:07.229, 370.83 W, 401.00 W, 2730 MHz, 15368 MHz, 71, 99 %
2026/09/04 10:02:08.230, 365.51 W, 401.00 W, 2722 MHz, 15368 MHz, 70, 99 %
2026/09/04 10:02:09.231, 253.19 W, 401.00 W, 2632 MHz, 15368 MHz, 70, 99 %
2026/09/04 10:02:10.231, 407.62 W, 401.00 W, 2032 MHz, 15368 MHz, 69, 99 %
2026/09/04 10:02:11.232, 388.40 W, 401.00 W, 2092 MHz, 15368 MHz, 69, 98 %
2026/09/04 10:02:12.233, 369.98 W, 401.00 W, 2737 MHz, 15368 MHz, 69, 99 %
2026/09/04 10:02:13.233, 361.07 W, 401.00 W, 2730 MHz, 15368 MHz, 66, 99 %
2026/09/04 10:02:14.234, 238.25 W, 401.00 W, 2812 MHz, 15368 MHz, 63, 6 %
2026/09/04 10:02:15.234, 420.11 W, 401.00 W, 2092 MHz, 15368 MHz, 70, 99 %
2026/09/04 10:02:16.235, 401.35 W, 401.00 W, 2100 MHz, 15368 MHz, 70, 99 %
2026/09/04 10:02:17.235, 366.81 W, 401.00 W, 2730 MHz, 15368 MHz, 68, 98 %
2026/09/04 10:02:18.236, 368.91 W, 401.00 W, 2737 MHz, 15368 MHz, 67, 100 %
2026/09/04 10:02:19.236, 333.83 W, 401.00 W, 2737 MHz, 15368 MHz, 64, 0 %
2026/09/04 10:02:20.237, 275.58 W, 401.00 W, 2280 MHz, 15368 MHz, 70, 99 %
2026/09/04 10:02:21.237, 400.79 W, 401.00 W, 2092 MHz, 15368 MHz, 70, 98 %
2026/09/04 10:02:22.238, 384.71 W, 401.00 W, 2257 MHz, 15368 MHz, 67, 99 %
2026/09/04 10:02:23.239, 374.64 W, 401.00 W, 2730 MHz, 15368 MHz, 68, 100 %
2026/09/04 10:02:24.239, 370.01 W, 401.00 W, 2722 MHz, 15368 MHz, 70, 98 %
2026/09/04 10:02:25.240, 251.98 W, 401.00 W, 2812 MHz, 15368 MHz, 64, 0 %
2026/09/04 10:02:26.240, 392.62 W, 401.00 W, 2130 MHz, 15368 MHz, 70, 100 %
2026/09/04 10:02:27.241, 400.55 W, 401.00 W, 2062 MHz, 15368 MHz, 71, 99 %
2026/09/04 10:02:28.241, 373.73 W, 401.00 W, 2707 MHz, 15368 MHz, 69, 99 %
2026/09/04 10:02:29.242, 373.69 W, 401.00 W, 2722 MHz, 15368 MHz, 68, 100 %
2026/09/04 10:02:30.242, 369.72 W, 401.00 W, 2715 MHz, 15368 MHz, 71, 98 %
2026/09/04 10:02:31.243, 238.35 W, 401.00 W, 2805 MHz, 15368 MHz, 70, 99 %
2026/09/04 10:02:32.244, 406.73 W, 401.00 W, 2070 MHz, 15368 MHz, 71, 99 %
2026/09/04 10:02:33.244, 401.06 W, 401.00 W, 2092 MHz, 15368 MHz, 71, 99 %
2026/09/04 10:02:34.245, 370.94 W, 401.00 W, 2715 MHz, 15368 MHz, 69, 99 %
2026/09/04 10:02:35.245, 367.31 W, 401.00 W, 2715 MHz, 15368 MHz, 68, 99 %
2026/09/04 10:02:36.246, 381.00 W, 401.00 W, 2700 MHz, 15368 MHz, 70, 99 %
2026/09/04 10:02:37.247, 246.25 W, 401.00 W, 2625 MHz, 15368 MHz, 71, 99 %
2026/09/04 10:02:38.247, 406.36 W, 401.00 W, 2070 MHz, 15368 MHz, 71, 99 %
2026/09/04 10:02:39.248, 400.84 W, 401.00 W, 2070 MHz, 15368 MHz, 71, 99 %
2026/09/04 10:02:40.248, 359.80 W, 401.00 W, 2730 MHz, 15368 MHz, 73, 99 %
2026/09/04 10:02:41.249, 361.08 W, 401.00 W, 2730 MHz, 15368 MHz, 72, 99 %
2026/09/04 10:02:42.250, 289.99 W, 401.00 W, 2820 MHz, 15368 MHz, 66, 48 %
2026/09/04 10:02:43.251, 167.51 W, 401.00 W, 2812 MHz, 15368 MHz, 66, 27 %
2026/09/04 10:02:44.251, 184.61 W, 401.00 W, 2745 MHz, 15368 MHz, 64, 25 %
2026/09/04 10:02:45.252, 183.28 W, 401.00 W, 2745 MHz, 15368 MHz, 64, 25 %
2026/09/04 10:02:46.252, 182.23 W, 401.00 W, 2745 MHz, 15368 MHz, 64, 28 %
2026/09/04 10:02:47.253, 181.66 W, 401.00 W, 2745 MHz, 15368 MHz, 64, 27 %
2026/09/04 10:02:48.254, 179.32 W, 401.00 W, 2745 MHz, 15368 MHz, 63, 28 %
2026/09/04 10:02:49.254, 181.47 W, 401.00 W, 2745 MHz, 15368 MHz, 63, 27 %
2026/09/04 10:02:50.255, 180.55 W, 401.00 W, 2737 MHz, 15368 MHz, 64, 28 %
2026/09/04 10:02:51.256, 138.07 W, 401.00 W, 2610 MHz, 15368 MHz, 61, 0 %
2026/09/04 10:02:52.842, 105.60 W, 401.00 W, 2610 MHz, 15368 MHz, 61, 0 %
2026/09/04 10:02:53.843, 113.76 W, 401.00 W, 2715 MHz, 15368 MHz, 61, 0 %
2026/09/04 10:02:54.866, 120.67 W, 401.00 W, 2827 MHz, 16004 MHz, 61, 0 %
2026/09/04 10:02:55.867, 110.90 W, 401.00 W, 2265 MHz, 16004 MHz, 60, 0 %
2026/09/04 10:02:56.867, 86.52 W, 401.00 W, 2610 MHz, 15368 MHz, 60, 0 %
2026/09/04 10:02:57.868, 90.25 W, 401.00 W, 2610 MHz, 15368 MHz, 60, 0 %
2026/09/04 10:02:58.868, 101.24 W, 401.00 W, 2610 MHz, 15368 MHz, 59, 0 %
2026/09/04 10:02:59.869, 101.02 W, 401.00 W, 2610 MHz, 15368 MHz, 59, 0 %
2026/09/04 10:03:00.869, 101.04 W, 401.00 W, 2610 MHz, 15368 MHz, 59, 0 %
2026/09/04 10:03:01.870, 100.83 W, 401.00 W, 2610 MHz, 15368 MHz, 59, 0 %
2026/09/04 10:03:02.870, 100.96 W, 401.00 W, 2610 MHz, 15368 MHz, 58, 0 %
2026/09/04 10:03:03.870, 100.43 W, 401.00 W, 2610 MHz, 15368 MHz, 58, 0 %
2026/09/04 10:03:04.871, 100.21 W, 401.00 W, 2610 MHz, 15368 MHz, 58, 0 %
2026/09/04 10:03:05.871, 99.68 W, 401.00 W, 2610 MHz, 15368 MHz, 58, 0 %
2026/09/04 10:03:06.973, 101.71 W, 401.00 W, 2677 MHz, 15368 MHz, 57, 0 %
2026/09/04 10:03:07.973, 104.84 W, 401.00 W, 2677 MHz, 15368 MHz, 57, 0 %
2026/09/04 10:03:08.974, 102.82 W, 401.00 W, 2670 MHz, 15368 MHz, 57, 0 %
2026/09/04 10:03:09.974, 99.88 W, 401.00 W, 2610 MHz, 15368 MHz, 57, 0 %
2026/09/04 10:03:10.975, 99.86 W, 401.00 W, 2610 MHz, 15368 MHz, 57, 0 %
2026/09/04 10:03:11.975, 107.22 W, 401.00 W, 2827 MHz, 15368 MHz, 57, 100 %
2026/09/04 10:03:12.976, 128.42 W, 401.00 W, 2827 MHz, 15368 MHz, 57, 100 %
2026/09/04 10:03:13.977, 123.76 W, 401.00 W, 2827 MHz, 15368 MHz, 57, 35 %
2026/09/04 10:03:14.978, 126.20 W, 401.00 W, 2827 MHz, 15368 MHz, 57, 41 %
2026/09/04 10:03:15.978, 113.68 W, 401.00 W, 2827 MHz, 15368 MHz, 56, 0 %
2026/09/04 10:03:16.979, 133.20 W, 401.00 W, 2730 MHz, 15368 MHz, 56, 1 %
2026/09/04 10:03:17.980, 105.08 W, 401.00 W, 2610 MHz, 15368 MHz, 56, 0 %
2026/09/04 10:03:18.981, 99.52 W, 401.00 W, 2610 MHz, 15368 MHz, 56, 0 %
2026/09/04 10:03:19.981, 98.19 W, 401.00 W, 2610 MHz, 15368 MHz, 55, 0 %
2026/09/04 10:03:20.982, 98.11 W, 401.00 W, 2610 MHz, 15368 MHz, 55, 0 %
2026/09/04 10:03:21.983, 147.82 W, 401.00 W, 2580 MHz, 15368 MHz, 57, 3 %
2026/09/04 10:03:22.984, 122.34 W, 401.00 W, 2827 MHz, 15368 MHz, 56, 7 %
2026/09/04 10:03:23.984, 125.64 W, 401.00 W, 2670 MHz, 15368 MHz, 56, 24 %
2026/09/04 10:03:24.985, 148.17 W, 401.00 W, 2760 MHz, 15368 MHz, 57, 25 %
2026/09/04 10:03:25.985, 174.20 W, 401.00 W, 2760 MHz, 15368 MHz, 57, 25 %
2026/09/04 10:03:26.986, 173.16 W, 401.00 W, 2760 MHz, 15368 MHz, 57, 25 %
2026/09/04 10:03:27.987, 173.24 W, 401.00 W, 2760 MHz, 15368 MHz, 56, 25 %
2026/09/04 10:03:28.987, 173.77 W, 401.00 W, 2760 MHz, 15368 MHz, 56, 28 %
2026/09/04 10:03:29.988, 175.01 W, 401.00 W, 2760 MHz, 15368 MHz, 57, 25 %
2026/09/04 10:03:30.988, 170.34 W, 401.00 W, 2752 MHz, 15368 MHz, 57, 25 %
2026/09/04 10:03:31.989, 122.76 W, 401.00 W, 2610 MHz, 15368 MHz, 55, 0 %
2026/09/04 10:03:32.989, 98.66 W, 401.00 W, 2610 MHz, 15368 MHz, 55, 13 %
2026/09/04 10:03:33.990, 417.78 W, 401.00 W, 2137 MHz, 15368 MHz, 63, 99 %
2026/09/04 10:03:34.990, 357.76 W, 401.00 W, 2767 MHz, 15368 MHz, 59, 92 %
2026/09/04 10:03:35.991, 307.48 W, 401.00 W, 2767 MHz, 15368 MHz, 60, 96 %
2026/09/04 10:03:36.991, 286.92 W, 401.00 W, 2790 MHz, 15368 MHz, 57, 0 %
2026/09/04 10:03:37.992, 338.15 W, 401.00 W, 2355 MHz, 15368 MHz, 65, 99 %
2026/09/04 10:03:38.992, 395.00 W, 401.00 W, 2287 MHz, 15368 MHz, 62, 89 %
2026/09/04 10:03:39.998, 314.79 W, 401.00 W, 2767 MHz, 15368 MHz, 65, 90 %
2026/09/04 10:03:40.998, 305.94 W, 401.00 W, 2767 MHz, 15368 MHz, 64, 90 %
2026/09/04 10:03:41.999, 296.40 W, 401.00 W, 2565 MHz, 15368 MHz, 66, 99 %
2026/09/04 10:03:42.999, 328.39 W, 401.00 W, 2782 MHz, 15368 MHz, 61, 94 %
2026/09/04 10:03:44.000, 262.84 W, 401.00 W, 2782 MHz, 15368 MHz, 62, 92 %
2026/09/04 10:03:45.000, 154.77 W, 401.00 W, 2827 MHz, 15368 MHz, 58, 28 %
2026/09/04 10:03:46.001, 179.48 W, 401.00 W, 2790 MHz, 15368 MHz, 59, 27 %
2026/09/04 10:03:47.002, 174.68 W, 401.00 W, 2760 MHz, 15368 MHz, 59, 27 %
2026/09/04 10:03:48.003, 170.69 W, 401.00 W, 2760 MHz, 15368 MHz, 58, 28 %
2026/09/04 10:03:49.004, 173.41 W, 401.00 W, 2760 MHz, 15368 MHz, 58, 28 %
2026/09/04 10:03:50.004, 176.45 W, 401.00 W, 2760 MHz, 15368 MHz, 58, 28 %
2026/09/04 10:03:51.005, 173.74 W, 401.00 W, 2760 MHz, 15368 MHz, 58, 28 %
2026/09/04 10:03:52.005, 173.45 W, 401.00 W, 2767 MHz, 15368 MHz, 58, 27 %
2026/09/04 10:03:53.006, 152.02 W, 401.00 W, 2632 MHz, 15368 MHz, 56, 30 %
2026/09/04 10:03:54.006, 99.09 W, 401.00 W, 2610 MHz, 15368 MHz, 56, 0 %
2026/09/04 10:03:55.007, 98.40 W, 401.00 W, 2610 MHz, 15368 MHz, 56, 0 %
2026/09/04 10:03:56.007, 306.20 W, 401.00 W, 2227 MHz, 15368 MHz, 63, 98 %
2026/09/04 10:03:57.008, 390.08 W, 401.00 W, 2182 MHz, 15368 MHz, 64, 98 %
2026/09/04 10:03:58.008, 323.71 W, 401.00 W, 2760 MHz, 15368 MHz, 63, 98 %
2026/09/04 10:03:59.009, 325.98 W, 401.00 W, 2752 MHz, 15368 MHz, 61, 74 %
2026/09/04 10:04:00.009, 314.43 W, 401.00 W, 2385 MHz, 15368 MHz, 65, 98 %
2026/09/04 10:04:01.010, 401.08 W, 401.00 W, 2325 MHz, 15368 MHz, 66, 99 %
2026/09/04 10:04:02.010, 325.31 W, 401.00 W, 2760 MHz, 15368 MHz, 61, 99 %
2026/09/04 10:04:03.011, 322.62 W, 401.00 W, 2752 MHz, 15368 MHz, 65, 98 %
2026/09/04 10:04:04.012, 301.77 W, 401.00 W, 2557 MHz, 15368 MHz, 66, 99 %
2026/09/04 10:04:05.012, 332.68 W, 401.00 W, 2782 MHz, 15368 MHz, 62, 97 %
2026/09/04 10:04:06.013, 265.82 W, 401.00 W, 2775 MHz, 15368 MHz, 62, 96 %
2026/09/04 10:04:07.013, 154.86 W, 401.00 W, 2827 MHz, 15368 MHz, 59, 29 %
2026/09/04 10:04:08.014, 179.74 W, 401.00 W, 2790 MHz, 15368 MHz, 59, 29 %
2026/09/04 10:04:09.015, 176.33 W, 401.00 W, 2760 MHz, 15368 MHz, 60, 27 %
2026/09/04 10:04:10.015, 174.41 W, 401.00 W, 2760 MHz, 15368 MHz, 59, 28 %
2026/09/04 10:04:11.016, 174.53 W, 401.00 W, 2760 MHz, 15368 MHz, 59, 27 %
2026/09/04 10:04:12.016, 174.23 W, 401.00 W, 2760 MHz, 15368 MHz, 59, 28 %
2026/09/04 10:04:13.017, 173.95 W, 401.00 W, 2760 MHz, 15368 MHz, 59, 27 %
2026/09/04 10:04:14.018, 174.37 W, 401.00 W, 2752 MHz, 15368 MHz, 59, 27 %
2026/09/04 10:04:15.018, 152.42 W, 401.00 W, 2610 MHz, 15368 MHz, 57, 38 %
2026/09/04 10:04:16.019, 100.62 W, 401.00 W, 2610 MHz, 15368 MHz, 57, 0 %
2026/09/04 10:04:17.020, 99.73 W, 401.00 W, 2610 MHz, 15368 MHz, 56, 0 %
2026/09/04 10:04:18.021, 315.73 W, 401.00 W, 2212 MHz, 15368 MHz, 65, 98 %
2026/09/04 10:04:19.021, 392.32 W, 401.00 W, 2137 MHz, 15368 MHz, 64, 98 %
2026/09/04 10:04:20.022, 323.97 W, 401.00 W, 2767 MHz, 15368 MHz, 64, 98 %
2026/09/04 10:04:21.023, 330.25 W, 401.00 W, 2752 MHz, 15368 MHz, 66, 98 %
2026/09/04 10:04:22.023, 314.91 W, 401.00 W, 2392 MHz, 15368 MHz, 66, 99 %
2026/09/04 10:04:23.024, 401.68 W, 401.00 W, 2295 MHz, 15368 MHz, 64, 98 %
2026/09/04 10:04:24.025, 334.91 W, 401.00 W, 2760 MHz, 15368 MHz, 65, 99 %
2026/09/04 10:04:25.026, 320.58 W, 401.00 W, 2760 MHz, 15368 MHz, 63, 98 %
2026/09/04 10:04:26.026, 276.44 W, 401.00 W, 2775 MHz, 15368 MHz, 65, 99 %
2026/09/04 10:04:27.027, 409.66 W, 401.00 W, 2340 MHz, 15368 MHz, 66, 99 %
2026/09/04 10:04:28.028, 375.71 W, 401.00 W, 2692 MHz, 15368 MHz, 65, 93 %
2026/09/04 10:04:29.028, 315.14 W, 401.00 W, 2767 MHz, 15368 MHz, 65, 93 %
2026/09/04 10:04:30.029, 320.79 W, 401.00 W, 2752 MHz, 15368 MHz, 64, 92 %
2026/09/04 10:04:31.030, 291.60 W, 401.00 W, 2565 MHz, 15368 MHz, 68, 98 %
2026/09/04 10:04:32.030, 400.76 W, 401.00 W, 2392 MHz, 15368 MHz, 68, 99 %
2026/09/04 10:04:33.031, 367.56 W, 401.00 W, 2752 MHz, 15368 MHz, 65, 96 %
2026/09/04 10:04:34.032, 317.62 W, 401.00 W, 2760 MHz, 15368 MHz, 66, 98 %
2026/09/04 10:04:35.032, 331.47 W, 401.00 W, 2752 MHz, 15368 MHz, 68, 92 %
2026/09/04 10:04:36.033, 285.42 W, 401.00 W, 2587 MHz, 15368 MHz, 69, 99 %
2026/09/04 10:04:37.034, 401.11 W, 401.00 W, 2430 MHz, 15368 MHz, 69, 99 %
2026/09/04 10:04:38.034, 377.16 W, 401.00 W, 2745 MHz, 15368 MHz, 67, 92 %
2026/09/04 10:04:39.035, 312.49 W, 401.00 W, 2752 MHz, 15368 MHz, 64, 94 %
2026/09/04 10:04:40.036, 320.25 W, 401.00 W, 2752 MHz, 15368 MHz, 67, 99 %
2026/09/04 10:04:41.037, 249.60 W, 401.00 W, 2790 MHz, 15368 MHz, 68, 99 %
2026/09/04 10:04:42.038, 409.01 W, 401.00 W, 2452 MHz, 15368 MHz, 70, 99 %
2026/09/04 10:04:43.039, 394.57 W, 401.00 W, 2497 MHz, 15368 MHz, 66, 99 %
2026/09/04 10:04:44.039, 328.87 W, 401.00 W, 2752 MHz, 15368 MHz, 67, 98 %
2026/09/04 10:04:45.041, 319.60 W, 401.00 W, 2760 MHz, 15368 MHz, 65, 99 %
2026/09/04 10:04:46.042, 269.51 W, 401.00 W, 2820 MHz, 15368 MHz, 62, 38 %
2026/09/04 10:04:47.043, 339.60 W, 401.00 W, 2602 MHz, 15368 MHz, 67, 99 %
2026/09/04 10:04:48.044, 400.27 W, 401.00 W, 2535 MHz, 15368 MHz, 69, 99 %
2026/09/04 10:04:49.045, 369.03 W, 401.00 W, 2752 MHz, 15368 MHz, 67, 99 %
2026/09/04 10:04:50.046, 322.26 W, 401.00 W, 2752 MHz, 15368 MHz, 65, 99 %
2026/09/04 10:04:51.046, 323.12 W, 401.00 W, 2752 MHz, 15368 MHz, 68, 99 %
2026/09/04 10:04:52.047, 241.07 W, 401.00 W, 2827 MHz, 15368 MHz, 65, 99 %
2026/09/04 10:04:53.048, 405.73 W, 401.00 W, 2617 MHz, 15368 MHz, 68, 99 %
2026/09/04 10:04:54.048, 401.34 W, 401.00 W, 2580 MHz, 15368 MHz, 67, 99 %
2026/09/04 10:04:55.049, 356.04 W, 401.00 W, 2745 MHz, 15368 MHz, 68, 99 %
2026/09/04 10:04:56.050, 327.05 W, 401.00 W, 2752 MHz, 15368 MHz, 69, 99 %
2026/09/04 10:04:57.051, 328.42 W, 401.00 W, 2767 MHz, 15368 MHz, 67, 100 %
2026/09/04 10:04:58.051, 241.95 W, 401.00 W, 2820 MHz, 15368 MHz, 70, 100 %
2026/09/04 10:04:59.052, 404.09 W, 401.00 W, 2655 MHz, 15368 MHz, 68, 99 %
2026/09/04 10:05:00.053, 401.00 W, 401.00 W, 2610 MHz, 15368 MHz, 69, 99 %
2026/09/04 10:05:01.054, 369.66 W, 401.00 W, 2752 MHz, 15368 MHz, 67, 98 %
2026/09/04 10:05:02.054, 322.68 W, 401.00 W, 2752 MHz, 15368 MHz, 69, 99 %
2026/09/04 10:05:03.055, 322.07 W, 401.00 W, 2752 MHz, 15368 MHz, 71, 98 %
2026/09/04 10:05:04.056, 248.80 W, 401.00 W, 2812 MHz, 15368 MHz, 63, 0 %
2026/09/04 10:05:05.058, 365.37 W, 401.00 W, 2692 MHz, 15368 MHz, 69, 99 %
2026/09/04 10:05:06.059, 399.50 W, 401.00 W, 2617 MHz, 15368 MHz, 70, 99 %
2026/09/04 10:05:07.059, 393.44 W, 401.00 W, 2640 MHz, 15368 MHz, 68, 99 %
2026/09/04 10:05:08.060, 322.85 W, 401.00 W, 2745 MHz, 15368 MHz, 71, 99 %
2026/09/04 10:05:09.061, 318.81 W, 401.00 W, 2760 MHz, 15368 MHz, 67, 100 %
2026/09/04 10:05:10.061, 335.07 W, 401.00 W, 2752 MHz, 15368 MHz, 68, 99 %
2026/09/04 10:05:11.061, 238.67 W, 401.00 W, 2745 MHz, 15368 MHz, 73, 100 %
2026/09/04 10:05:12.062, 405.00 W, 401.00 W, 2685 MHz, 15368 MHz, 72, 99 %
2026/09/04 10:05:13.063, 403.31 W, 401.00 W, 2670 MHz, 15368 MHz, 69, 99 %
2026/09/04 10:05:14.064, 363.17 W, 401.00 W, 2745 MHz, 15368 MHz, 70, 98 %
2026/09/04 10:05:15.064, 322.95 W, 401.00 W, 2760 MHz, 15368 MHz, 68, 100 %
2026/09/04 10:05:16.065, 321.54 W, 401.00 W, 2767 MHz, 15368 MHz, 71, 99 %
2026/09/04 10:05:17.066, 291.20 W, 401.00 W, 2790 MHz, 15368 MHz, 64, 0 %
2026/09/04 10:05:18.066, 281.96 W, 401.00 W, 2692 MHz, 15368 MHz, 71, 99 %
2026/09/04 10:05:19.067, 393.22 W, 401.00 W, 2677 MHz, 15368 MHz, 71, 100 %
2026/09/04 10:05:20.068, 399.77 W, 401.00 W, 2692 MHz, 15368 MHz, 73, 100 %
2026/09/04 10:05:21.069, 357.48 W, 401.00 W, 2737 MHz, 15368 MHz, 70, 99 %
2026/09/04 10:05:22.070, 323.22 W, 401.00 W, 2752 MHz, 15368 MHz, 68, 99 %
2026/09/04 10:05:23.071, 314.13 W, 401.00 W, 2767 MHz, 15368 MHz, 70, 99 %
2026/09/04 10:05:24.071, 298.05 W, 401.00 W, 2752 MHz, 15368 MHz, 65, 0 %
2026/09/04 10:05:25.072, 259.94 W, 401.00 W, 2707 MHz, 15368 MHz, 72, 99 %
2026/09/04 10:05:26.072, 387.91 W, 401.00 W, 2677 MHz, 15368 MHz, 70, 99 %
2026/09/04 10:05:27.073, 399.94 W, 401.00 W, 2685 MHz, 15368 MHz, 70, 99 %
2026/09/04 10:05:28.074, 361.67 W, 401.00 W, 2752 MHz, 15368 MHz, 67, 99 %
2026/09/04 10:05:29.075, 317.95 W, 401.00 W, 2730 MHz, 15368 MHz, 72, 99 %
2026/09/04 10:05:30.075, 324.22 W, 401.00 W, 2767 MHz, 15368 MHz, 70, 100 %
2026/09/04 10:05:31.076, 323.25 W, 401.00 W, 2745 MHz, 15368 MHz, 68, 99 %
2026/09/04 10:05:32.077, 206.08 W, 401.00 W, 2805 MHz, 15368 MHz, 69, 99 %
2026/09/04 10:05:33.078, 385.44 W, 401.00 W, 2700 MHz, 15368 MHz, 69, 99 %
2026/09/04 10:05:34.079, 401.48 W, 401.00 W, 2677 MHz, 15368 MHz, 72, 99 %
2026/09/04 10:05:35.080, 389.10 W, 401.00 W, 2677 MHz, 15368 MHz, 70, 99 %
2026/09/04 10:05:36.080, 332.14 W, 401.00 W, 2775 MHz, 15368 MHz, 73, 100 %
2026/09/04 10:05:37.081, 311.44 W, 401.00 W, 2730 MHz, 15368 MHz, 68, 99 %
2026/09/04 10:05:38.082, 323.47 W, 401.00 W, 2737 MHz, 15368 MHz, 69, 99 %
2026/09/04 10:05:39.082, 284.64 W, 401.00 W, 2790 MHz, 15368 MHz, 65, 2 %
2026/09/04 10:05:40.083, 263.87 W, 401.00 W, 2700 MHz, 15368 MHz, 70, 99 %
2026/09/04 10:05:41.084, 376.41 W, 401.00 W, 2700 MHz, 15368 MHz, 68, 99 %
2026/09/04 10:05:42.084, 389.64 W, 401.00 W, 2700 MHz, 15368 MHz, 70, 99 %
2026/09/04 10:05:43.085, 357.86 W, 401.00 W, 2767 MHz, 15368 MHz, 73, 100 %
2026/09/04 10:05:44.086, 307.93 W, 401.00 W, 2737 MHz, 15368 MHz, 70, 99 %
2026/09/04 10:05:45.087, 311.59 W, 401.00 W, 2752 MHz, 15368 MHz, 68, 99 %
2026/09/04 10:05:46.088, 324.48 W, 401.00 W, 2767 MHz, 15368 MHz, 70, 100 %
2026/09/04 10:05:47.088, 180.44 W, 401.00 W, 2812 MHz, 15368 MHz, 65, 26 %
2026/09/04 10:05:48.089, 182.31 W, 401.00 W, 2782 MHz, 15368 MHz, 65, 32 %
2026/09/04 10:05:49.089, 177.51 W, 401.00 W, 2745 MHz, 15368 MHz, 65, 33 %
2026/09/04 10:05:50.090, 176.40 W, 401.00 W, 2745 MHz, 15368 MHz, 65, 34 %
2026/09/04 10:05:51.090, 177.46 W, 401.00 W, 2752 MHz, 15368 MHz, 64, 34 %
2026/09/04 10:05:52.091, 175.86 W, 401.00 W, 2752 MHz, 15368 MHz, 65, 33 %
2026/09/04 10:05:53.091, 174.21 W, 401.00 W, 2745 MHz, 15368 MHz, 64, 27 %
2026/09/04 10:05:54.092, 175.62 W, 401.00 W, 2752 MHz, 15368 MHz, 64, 27 %
2026/09/04 10:05:55.092, 175.15 W, 401.00 W, 2745 MHz, 15368 MHz, 64, 33 %
2026/09/04 10:05:56.093, 157.75 W, 401.00 W, 2670 MHz, 15368 MHz, 62, 0 %
2026/09/04 10:05:57.094, 104.65 W, 401.00 W, 2610 MHz, 15368 MHz, 61, 0 %
2026/09/04 10:05:58.094, 102.84 W, 401.00 W, 2610 MHz, 15368 MHz, 61, 0 %
2026/09/04 10:05:59.095, 102.75 W, 401.00 W, 2610 MHz, 15368 MHz, 61, 0 %
2026/09/04 10:06:00.096, 102.47 W, 401.00 W, 2610 MHz, 15368 MHz, 61, 0 %
2026/09/04 10:06:01.096, 102.36 W, 401.00 W, 2610 MHz, 15368 MHz, 60, 0 %
2026/09/04 10:06:02.097, 102.68 W, 401.00 W, 2610 MHz, 15368 MHz, 60, 0 %
2026/09/04 10:06:03.098, 102.89 W, 401.00 W, 2610 MHz, 15368 MHz, 60, 0 %
2026/09/04 10:06:04.098, 330.29 W, 401.00 W, 2190 MHz, 15368 MHz, 67, 98 %
2026/09/04 10:06:05.099, 389.31 W, 401.00 W, 2152 MHz, 15368 MHz, 67, 98 %
2026/09/04 10:06:06.100, 323.02 W, 401.00 W, 2745 MHz, 15368 MHz, 68, 99 %
2026/09/04 10:06:07.100, 335.10 W, 401.00 W, 2737 MHz, 15368 MHz, 66, 84 %
2026/09/04 10:06:08.101, 314.05 W, 401.00 W, 2332 MHz, 15368 MHz, 69, 98 %
2026/09/04 10:06:09.102, 399.47 W, 401.00 W, 2317 MHz, 15368 MHz, 69, 98 %
2026/09/04 10:06:10.103, 341.77 W, 401.00 W, 2752 MHz, 15368 MHz, 67, 98 %
2026/09/04 10:06:11.104, 324.13 W, 401.00 W, 2752 MHz, 15368 MHz, 67, 98 %
2026/09/04 10:06:12.105, 284.95 W, 401.00 W, 2760 MHz, 15368 MHz, 70, 99 %
2026/09/04 10:06:13.106, 405.70 W, 401.00 W, 2325 MHz, 15368 MHz, 70, 99 %
2026/09/04 10:06:14.106, 372.51 W, 401.00 W, 2707 MHz, 15368 MHz, 66, 99 %
2026/09/04 10:06:15.108, 332.85 W, 401.00 W, 2752 MHz, 15368 MHz, 66, 99 %
2026/09/04 10:06:16.109, 337.26 W, 401.00 W, 2745 MHz, 15368 MHz, 67, 99 %
2026/09/04 10:06:17.109, 298.92 W, 401.00 W, 2512 MHz, 15368 MHz, 69, 98 %
2026/09/04 10:06:18.110, 400.15 W, 401.00 W, 2400 MHz, 15368 MHz, 70, 99 %
2026/09/04 10:06:19.111, 357.45 W, 401.00 W, 2745 MHz, 15368 MHz, 66, 99 %
2026/09/04 10:06:20.112, 331.24 W, 401.00 W, 2752 MHz, 15368 MHz, 69, 99 %
2026/09/04 10:06:21.112, 323.05 W, 401.00 W, 2752 MHz, 15368 MHz, 65, 24 %
2026/09/04 10:06:22.113, 290.87 W, 401.00 W, 2535 MHz, 15368 MHz, 70, 99 %
2026/09/04 10:06:23.114, 402.17 W, 401.00 W, 2445 MHz, 15368 MHz, 68, 98 %
2026/09/04 10:06:24.115, 363.91 W, 401.00 W, 2745 MHz, 15368 MHz, 67, 99 %
2026/09/04 10:06:25.115, 325.76 W, 401.00 W, 2745 MHz, 15368 MHz, 70, 99 %
2026/09/04 10:06:26.116, 331.62 W, 401.00 W, 2745 MHz, 15368 MHz, 71, 99 %
2026/09/04 10:06:27.116, 276.42 W, 401.00 W, 2640 MHz, 15368 MHz, 68, 98 %
2026/09/04 10:06:28.117, 401.36 W, 401.00 W, 2482 MHz, 15368 MHz, 69, 99 %
2026/09/04 10:06:29.118, 384.88 W, 401.00 W, 2535 MHz, 15368 MHz, 68, 98 %
2026/09/04 10:06:30.118, 332.47 W, 401.00 W, 2752 MHz, 15368 MHz, 72, 99 %
2026/09/04 10:06:31.119, 331.24 W, 401.00 W, 2752 MHz, 15368 MHz, 69, 98 %
2026/09/04 10:06:32.120, 239.15 W, 401.00 W, 2812 MHz, 15368 MHz, 64, 31 %
2026/09/04 10:06:33.120, 390.05 W, 401.00 W, 2557 MHz, 15368 MHz, 69, 98 %
2026/09/04 10:06:34.121, 396.07 W, 401.00 W, 2535 MHz, 15368 MHz, 70, 99 %
2026/09/04 10:06:35.122, 353.24 W, 401.00 W, 2752 MHz, 15368 MHz, 69, 99 %
2026/09/04 10:06:36.122, 326.78 W, 401.00 W, 2760 MHz, 15368 MHz, 68, 100 %
2026/09/04 10:06:37.123, 333.04 W, 401.00 W, 2752 MHz, 15368 MHz, 69, 98 %
2026/09/04 10:06:38.124, 255.77 W, 401.00 W, 2767 MHz, 15368 MHz, 69, 99 %
2026/09/04 10:06:39.124, 410.92 W, 401.00 W, 2542 MHz, 15368 MHz, 72, 98 %
2026/09/04 10:06:40.126, 400.10 W, 401.00 W, 2565 MHz, 15368 MHz, 73, 99 %
2026/09/04 10:06:41.127, 350.20 W, 401.00 W, 2745 MHz, 15368 MHz, 70, 100 %
2026/09/04 10:06:42.127, 331.47 W, 401.00 W, 2752 MHz, 15368 MHz, 68, 99 %
2026/09/04 10:06:43.129, 331.58 W, 401.00 W, 2752 MHz, 15368 MHz, 69, 99 %
2026/09/04 10:06:44.130, 244.11 W, 401.00 W, 2775 MHz, 15368 MHz, 72, 100 %
2026/09/04 10:06:45.130, 408.71 W, 401.00 W, 2625 MHz, 15368 MHz, 71, 99 %
2026/09/04 10:06:46.131, 394.83 W, 401.00 W, 2572 MHz, 15368 MHz, 72, 99 %
2026/09/04 10:06:47.132, 356.51 W, 401.00 W, 2752 MHz, 15368 MHz, 68, 99 %
2026/09/04 10:06:48.133, 320.65 W, 401.00 W, 2752 MHz, 15368 MHz, 69, 99 %
2026/09/04 10:06:49.134, 323.20 W, 401.00 W, 2752 MHz, 15368 MHz, 67, 30 %
2026/09/04 10:06:50.134, 258.10 W, 401.00 W, 2700 MHz, 15368 MHz, 71, 99 %
2026/09/04 10:06:51.135, 400.12 W, 401.00 W, 2632 MHz, 15368 MHz, 74, 100 %
2026/09/04 10:06:52.136, 399.79 W, 401.00 W, 2625 MHz, 15368 MHz, 73, 99 %
2026/09/04 10:06:53.136, 343.21 W, 401.00 W, 2760 MHz, 15368 MHz, 72, 99 %
2026/09/04 10:06:54.137, 320.70 W, 401.00 W, 2760 MHz, 15368 MHz, 72, 99 %
2026/09/04 10:06:55.137, 319.79 W, 401.00 W, 2745 MHz, 15368 MHz, 71, 99 %
2026/09/04 10:06:56.138, 232.18 W, 401.00 W, 2820 MHz, 15368 MHz, 65, 0 %
2026/09/04 10:06:57.138, 388.95 W, 401.00 W, 2685 MHz, 15368 MHz, 73, 99 %
2026/09/04 10:06:58.139, 394.18 W, 401.00 W, 2655 MHz, 15368 MHz, 69, 99 %
2026/09/04 10:06:59.139, 403.74 W, 401.00 W, 2647 MHz, 15368 MHz, 74, 100 %
2026/09/04 10:07:00.140, 310.27 W, 401.00 W, 2745 MHz, 15368 MHz, 68, 99 %
2026/09/04 10:07:01.140, 322.90 W, 401.00 W, 2745 MHz, 15368 MHz, 71, 99 %
2026/09/04 10:07:02.141, 328.93 W, 401.00 W, 2745 MHz, 15368 MHz, 71, 99 %
2026/09/04 10:07:03.142, 222.09 W, 401.00 W, 2805 MHz, 15368 MHz, 70, 99 %
2026/09/04 10:07:04.142, 405.81 W, 401.00 W, 2692 MHz, 15368 MHz, 75, 100 %
2026/09/04 10:07:05.143, 402.10 W, 401.00 W, 2662 MHz, 15368 MHz, 75, 100 %
2026/09/04 10:07:06.143, 390.88 W, 401.00 W, 2662 MHz, 15368 MHz, 70, 99 %
2026/09/04 10:07:07.144, 313.42 W, 401.00 W, 2760 MHz, 15368 MHz, 71, 99 %
2026/09/04 10:07:08.144, 322.88 W, 401.00 W, 2745 MHz, 15368 MHz, 70, 99 %
2026/09/04 10:07:09.145, 326.39 W, 401.00 W, 2737 MHz, 15368 MHz, 73, 99 %
2026/09/04 10:07:10.145, 194.49 W, 401.00 W, 2820 MHz, 15368 MHz, 70, 57 %
2026/09/04 10:07:11.146, 382.47 W, 401.00 W, 2685 MHz, 15368 MHz, 74, 99 %
2026/09/04 10:07:12.146, 392.09 W, 401.00 W, 2685 MHz, 15368 MHz, 74, 99 %
2026/09/04 10:07:13.147, 392.91 W, 401.00 W, 2670 MHz, 15368 MHz, 72, 99 %
2026/09/04 10:07:14.147, 335.79 W, 401.00 W, 2745 MHz, 15368 MHz, 71, 99 %
2026/09/04 10:07:15.148, 315.23 W, 401.00 W, 2760 MHz, 15368 MHz, 71, 99 %
2026/09/04 10:07:16.149, 329.78 W, 401.00 W, 2745 MHz, 15368 MHz, 70, 99 %
2026/09/04 10:07:17.149, 261.57 W, 401.00 W, 2820 MHz, 15368 MHz, 66, 10 %
2026/09/04 10:07:18.149, 308.12 W, 401.00 W, 2692 MHz, 15368 MHz, 75, 100 %
2026/09/04 10:07:19.150, 388.37 W, 401.00 W, 2670 MHz, 15368 MHz, 72, 99 %
2026/09/04 10:07:20.151, 401.05 W, 401.00 W, 2670 MHz, 15368 MHz, 75, 99 %
2026/09/04 10:07:21.151, 354.37 W, 401.00 W, 2760 MHz, 15368 MHz, 71, 99 %
2026/09/04 10:07:22.152, 318.63 W, 401.00 W, 2730 MHz, 15368 MHz, 73, 99 %
2026/09/04 10:07:23.152, 320.99 W, 401.00 W, 2775 MHz, 15368 MHz, 73, 100 %
2026/09/04 10:07:24.153, 319.39 W, 401.00 W, 2737 MHz, 15368 MHz, 70, 99 %
2026/09/04 10:07:25.153, 205.51 W, 401.00 W, 2820 MHz, 15368 MHz, 72, 74 %
2026/09/04 10:07:26.154, 376.34 W, 401.00 W, 2715 MHz, 15368 MHz, 69, 99 %
2026/09/04 10:07:27.155, 389.88 W, 401.00 W, 2700 MHz, 15368 MHz, 70, 99 %
2026/09/04 10:07:28.156, 391.34 W, 401.00 W, 2685 MHz, 15368 MHz, 75, 99 %
2026/09/04 10:07:29.157, 321.86 W, 401.00 W, 2745 MHz, 15368 MHz, 69, 99 %
2026/09/04 10:07:30.157, 314.53 W, 401.00 W, 2767 MHz, 15368 MHz, 73, 100 %
2026/09/04 10:07:31.158, 314.22 W, 401.00 W, 2745 MHz, 15368 MHz, 69, 99 %
2026/09/04 10:07:32.158, 258.64 W, 401.00 W, 2812 MHz, 15368 MHz, 67, 18 %
2026/09/04 10:07:33.159, 166.10 W, 401.00 W, 2812 MHz, 15368 MHz, 67, 33 %
2026/09/04 10:07:34.159, 180.57 W, 401.00 W, 2745 MHz, 15368 MHz, 67, 34 %
2026/09/04 10:07:35.160, 177.79 W, 401.00 W, 2752 MHz, 15368 MHz, 66, 28 %
2026/09/04 10:07:36.161, 176.49 W, 401.00 W, 2752 MHz, 15368 MHz, 66, 33 %
2026/09/04 10:07:37.161, 177.83 W, 401.00 W, 2745 MHz, 15368 MHz, 66, 33 %
2026/09/04 10:07:38.162, 175.51 W, 401.00 W, 2745 MHz, 15368 MHz, 65, 25 %
2026/09/04 10:07:39.163, 176.98 W, 401.00 W, 2745 MHz, 15368 MHz, 65, 33 %
2026/09/04 10:07:40.163, 174.18 W, 401.00 W, 2745 MHz, 15368 MHz, 65, 25 %
2026/09/04 10:07:41.164, 175.76 W, 401.00 W, 2745 MHz, 15368 MHz, 65, 33 %
2026/09/04 10:07:42.165, 132.54 W, 401.00 W, 2610 MHz, 15368 MHz, 63, 0 %
2026/09/04 10:07:43.742, 106.34 W, 401.00 W, 2610 MHz, 15368 MHz, 62, 0 %
2026/09/04 10:07:44.743, 114.22 W, 401.00 W, 2715 MHz, 15368 MHz, 63, 0 %
