2026/09/04 10:58:33.405, 108.72 W, 600.00 W, 2835 MHz, 15368 MHz, 52, 0 %, 41 MiB
2026/09/04 10:58:34.408, 99.97 W, 600.00 W, 2227 MHz, 16004 MHz, 51, 0 %, 41 MiB
2026/09/04 10:58:35.409, 72.99 W, 600.00 W, 2610 MHz, 15368 MHz, 51, 0 %, 596 MiB
2026/09/04 10:58:36.410, 95.75 W, 600.00 W, 2610 MHz, 15368 MHz, 52, 0 %, 596 MiB
2026/09/04 10:58:37.410, 95.48 W, 600.00 W, 2610 MHz, 15368 MHz, 52, 0 %, 596 MiB
2026/09/04 10:58:38.411, 94.65 W, 600.00 W, 2610 MHz, 15368 MHz, 52, 0 %, 596 MiB
2026/09/04 10:58:39.412, 94.84 W, 600.00 W, 2610 MHz, 15368 MHz, 52, 0 %, 596 MiB
2026/09/04 10:58:40.412, 95.05 W, 600.00 W, 2610 MHz, 15368 MHz, 51, 0 %, 596 MiB
2026/09/04 10:58:41.413, 95.06 W, 600.00 W, 2610 MHz, 15368 MHz, 52, 0 %, 596 MiB
2026/09/04 10:58:42.413, 95.33 W, 600.00 W, 2610 MHz, 15368 MHz, 51, 0 %, 596 MiB
2026/09/04 10:58:43.414, 95.36 W, 600.00 W, 2610 MHz, 15368 MHz, 51, 0 %, 596 MiB
2026/09/04 10:58:44.415, 95.62 W, 600.00 W, 2610 MHz, 15368 MHz, 51, 0 %, 596 MiB
2026/09/04 10:58:45.415, 95.13 W, 600.00 W, 2610 MHz, 15368 MHz, 51, 0 %, 596 MiB
2026/09/04 10:58:46.655, 96.80 W, 600.00 W, 2610 MHz, 15368 MHz, 51, 0 %, 80308 MiB
2026/09/04 10:58:47.656, 95.74 W, 600.00 W, 2610 MHz, 15368 MHz, 51, 0 %, 80308 MiB
2026/09/04 10:58:48.657, 106.33 W, 600.00 W, 2835 MHz, 15368 MHz, 52, 100 %, 80308 MiB
2026/09/04 10:58:49.658, 125.83 W, 600.00 W, 2835 MHz, 15368 MHz, 52, 100 %, 80308 MiB
2026/09/04 10:58:50.659, 125.64 W, 600.00 W, 2835 MHz, 15368 MHz, 52, 100 %, 80308 MiB
2026/09/04 10:58:51.659, 114.82 W, 600.00 W, 2835 MHz, 15368 MHz, 52, 0 %, 80308 MiB
2026/09/04 10:58:52.660, 108.84 W, 600.00 W, 2835 MHz, 15368 MHz, 52, 0 %, 80308 MiB
2026/09/04 10:58:53.660, 105.30 W, 600.00 W, 2685 MHz, 15368 MHz, 52, 0 %, 80308 MiB
2026/09/04 10:58:54.785, 96.19 W, 600.00 W, 2610 MHz, 15368 MHz, 51, 0 %, 91110 MiB
2026/09/04 10:58:55.786, 96.22 W, 600.00 W, 2610 MHz, 15368 MHz, 51, 0 %, 91296 MiB
2026/09/04 10:58:56.786, 114.18 W, 600.00 W, 2617 MHz, 15368 MHz, 52, 1 %, 91342 MiB
2026/09/04 10:58:57.787, 100.66 W, 600.00 W, 2632 MHz, 15368 MHz, 52, 12 %, 91376 MiB
2026/09/04 10:58:58.788, 101.50 W, 600.00 W, 2610 MHz, 15368 MHz, 51, 0 %, 91376 MiB
2026/09/04 10:58:59.788, 96.33 W, 600.00 W, 2610 MHz, 15368 MHz, 51, 0 %, 91376 MiB
2026/09/04 10:59:00.789, 96.14 W, 600.00 W, 2610 MHz, 15368 MHz, 51, 7 %, 91376 MiB
2026/09/04 10:59:01.790, 158.58 W, 600.00 W, 2737 MHz, 15368 MHz, 52, 4 %, 91410 MiB
2026/09/04 10:59:02.791, 114.51 W, 600.00 W, 2737 MHz, 15368 MHz, 52, 3 %, 91416 MiB
2026/09/04 10:59:03.792, 137.83 W, 600.00 W, 2752 MHz, 15368 MHz, 53, 24 %, 91452 MiB
2026/09/04 10:59:04.792, 162.78 W, 600.00 W, 2752 MHz, 15368 MHz, 53, 24 %, 91452 MiB
2026/09/04 10:59:05.793, 162.77 W, 600.00 W, 2752 MHz, 15368 MHz, 54, 23 %, 91452 MiB
2026/09/04 10:59:06.794, 161.75 W, 600.00 W, 2752 MHz, 15368 MHz, 53, 23 %, 91452 MiB
2026/09/04 10:59:07.795, 163.54 W, 600.00 W, 2752 MHz, 15368 MHz, 53, 22 %, 91452 MiB
2026/09/04 10:59:08.795, 164.15 W, 600.00 W, 2752 MHz, 15368 MHz, 54, 24 %, 91452 MiB
2026/09/04 10:59:09.796, 161.80 W, 600.00 W, 2737 MHz, 15368 MHz, 53, 17 %, 91452 MiB
2026/09/04 10:59:10.796, 98.13 W, 600.00 W, 2610 MHz, 15368 MHz, 52, 8 %, 92682 MiB
2026/09/04 10:59:11.797, 357.67 W, 600.00 W, 2685 MHz, 15368 MHz, 64, 98 %, 92682 MiB
2026/09/04 10:59:12.798, 433.88 W, 600.00 W, 2767 MHz, 15368 MHz, 60, 91 %, 92722 MiB
2026/09/04 10:59:13.799, 307.84 W, 600.00 W, 2767 MHz, 15368 MHz, 59, 90 %, 92762 MiB
2026/09/04 10:59:14.799, 317.51 W, 600.00 W, 2767 MHz, 15368 MHz, 58, 91 %, 92792 MiB
2026/09/04 10:59:15.800, 478.08 W, 600.00 W, 2677 MHz, 15368 MHz, 66, 98 %, 92792 MiB
2026/09/04 10:59:16.801, 400.24 W, 600.00 W, 2760 MHz, 15368 MHz, 61, 91 %, 92834 MiB
2026/09/04 10:59:17.802, 316.09 W, 600.00 W, 2767 MHz, 15368 MHz, 61, 90 %, 92882 MiB
2026/09/04 10:59:18.803, 317.09 W, 600.00 W, 2797 MHz, 15368 MHz, 64, 53 %, 92902 MiB
2026/09/04 10:59:19.804, 528.49 W, 600.00 W, 2677 MHz, 15368 MHz, 68, 98 %, 92902 MiB
2026/09/04 10:59:20.805, 412.75 W, 600.00 W, 2760 MHz, 15368 MHz, 63, 95 %, 92904 MiB
2026/09/04 10:59:21.805, 330.26 W, 600.00 W, 2767 MHz, 15368 MHz, 62, 94 %, 92904 MiB
2026/09/04 10:59:22.806, 332.79 W, 600.00 W, 2782 MHz, 15368 MHz, 65, 99 %, 92904 MiB
2026/09/04 10:59:23.807, 529.41 W, 600.00 W, 2670 MHz, 15368 MHz, 69, 99 %, 92912 MiB
2026/09/04 10:59:24.807, 393.11 W, 600.00 W, 2752 MHz, 15368 MHz, 62, 91 %, 92960 MiB
2026/09/04 10:59:25.808, 328.45 W, 600.00 W, 2760 MHz, 15368 MHz, 63, 91 %, 93002 MiB
2026/09/04 10:59:26.809, 321.17 W, 600.00 W, 2775 MHz, 15368 MHz, 61, 34 %, 93042 MiB
2026/09/04 10:59:27.809, 177.70 W, 600.00 W, 2827 MHz, 15368 MHz, 59, 26 %, 93042 MiB
2026/09/04 10:59:28.810, 173.64 W, 600.00 W, 2752 MHz, 15368 MHz, 59, 24 %, 93042 MiB
2026/09/04 10:59:29.811, 169.62 W, 600.00 W, 2752 MHz, 15368 MHz, 59, 25 %, 93042 MiB
2026/09/04 10:59:30.811, 164.94 W, 600.00 W, 2745 MHz, 15368 MHz, 59, 19 %, 93054 MiB
2026/09/04 10:59:31.813, 167.36 W, 600.00 W, 2752 MHz, 15368 MHz, 59, 25 %, 93054 MiB
2026/09/04 10:59:32.813, 168.29 W, 600.00 W, 2760 MHz, 15368 MHz, 59, 26 %, 93054 MiB
2026/09/04 10:59:33.814, 166.70 W, 600.00 W, 2745 MHz, 15368 MHz, 58, 21 %, 93054 MiB
2026/09/04 10:59:34.814, 168.93 W, 600.00 W, 2752 MHz, 15368 MHz, 59, 25 %, 93054 MiB
2026/09/04 10:59:35.815, 144.96 W, 600.00 W, 2610 MHz, 15368 MHz, 57, 7 %, 93054 MiB
2026/09/04 10:59:36.816, 125.52 W, 600.00 W, 2662 MHz, 15368 MHz, 60, 82 %, 93054 MiB
2026/09/04 10:59:37.817, 514.41 W, 600.00 W, 2685 MHz, 15368 MHz, 69, 98 %, 93054 MiB
2026/09/04 10:59:38.818, 369.33 W, 600.00 W, 2760 MHz, 15368 MHz, 65, 98 %, 93054 MiB
2026/09/04 10:59:39.818, 329.52 W, 600.00 W, 2760 MHz, 15368 MHz, 67, 99 %, 93054 MiB
2026/09/04 10:59:40.819, 392.88 W, 600.00 W, 2685 MHz, 15368 MHz, 69, 98 %, 93054 MiB
2026/09/04 10:59:41.820, 516.94 W, 600.00 W, 2730 MHz, 15368 MHz, 66, 95 %, 93054 MiB
2026/09/04 10:59:42.821, 321.56 W, 600.00 W, 2752 MHz, 15368 MHz, 63, 97 %, 93054 MiB
2026/09/04 10:59:43.822, 333.14 W, 600.00 W, 2752 MHz, 15368 MHz, 66, 93 %, 93054 MiB
2026/09/04 10:59:44.823, 439.56 W, 600.00 W, 2685 MHz, 15368 MHz, 72, 99 %, 93054 MiB
2026/09/04 10:59:45.824, 499.12 W, 600.00 W, 2752 MHz, 15368 MHz, 67, 98 %, 93054 MiB
2026/09/04 10:59:46.824, 346.62 W, 600.00 W, 2745 MHz, 15368 MHz, 67, 98 %, 93054 MiB
2026/09/04 10:59:47.825, 348.07 W, 600.00 W, 2737 MHz, 15368 MHz, 67, 98 %, 93054 MiB
2026/09/04 10:59:48.826, 456.68 W, 600.00 W, 2662 MHz, 15368 MHz, 72, 98 %, 93054 MiB
2026/09/04 10:59:49.827, 476.92 W, 600.00 W, 2745 MHz, 15368 MHz, 69, 98 %, 93054 MiB
2026/09/04 10:59:50.828, 342.44 W, 600.00 W, 2745 MHz, 15368 MHz, 66, 98 %, 93054 MiB
2026/09/04 10:59:51.828, 352.33 W, 600.00 W, 2730 MHz, 15368 MHz, 69, 98 %, 93054 MiB
2026/09/04 10:59:52.829, 210.27 W, 600.00 W, 2820 MHz, 15368 MHz, 64, 25 %, 93054 MiB
2026/09/04 10:59:53.830, 176.95 W, 600.00 W, 2797 MHz, 15368 MHz, 62, 26 %, 93054 MiB
2026/09/04 10:59:54.831, 170.55 W, 600.00 W, 2752 MHz, 15368 MHz, 62, 19 %, 93054 MiB
2026/09/04 10:59:55.831, 169.33 W, 600.00 W, 2752 MHz, 15368 MHz, 62, 22 %, 93054 MiB
2026/09/04 10:59:56.832, 171.57 W, 600.00 W, 2752 MHz, 15368 MHz, 62, 25 %, 93054 MiB
2026/09/04 10:59:57.832, 169.93 W, 600.00 W, 2752 MHz, 15368 MHz, 62, 25 %, 93054 MiB
2026/09/04 10:59:58.833, 169.74 W, 600.00 W, 2752 MHz, 15368 MHz, 61, 25 %, 93054 MiB
2026/09/04 10:59:59.834, 170.05 W, 600.00 W, 2752 MHz, 15368 MHz, 61, 25 %, 93054 MiB
2026/09/04 11:00:00.835, 157.94 W, 600.00 W, 2632 MHz, 15368 MHz, 60, 0 %, 93054 MiB
2026/09/04 11:00:01.835, 103.63 W, 600.00 W, 2610 MHz, 15368 MHz, 59, 10 %, 93054 MiB
2026/09/04 11:00:02.836, 388.15 W, 600.00 W, 2677 MHz, 15368 MHz, 71, 98 %, 93054 MiB
2026/09/04 11:00:03.836, 442.26 W, 600.00 W, 2752 MHz, 15368 MHz, 67, 98 %, 93054 MiB
2026/09/04 11:00:04.837, 330.33 W, 600.00 W, 2760 MHz, 15368 MHz, 68, 98 %, 93054 MiB
2026/09/04 11:00:05.838, 333.36 W, 600.00 W, 2767 MHz, 15368 MHz, 70, 98 %, 93054 MiB
2026/09/04 11:00:06.839, 535.35 W, 600.00 W, 2670 MHz, 15368 MHz, 72, 98 %, 93054 MiB
2026/09/04 11:00:07.839, 377.46 W, 600.00 W, 2752 MHz, 15368 MHz, 69, 99 %, 93054 MiB
2026/09/04 11:00:08.840, 334.19 W, 600.00 W, 2745 MHz, 15368 MHz, 67, 98 %, 93054 MiB
2026/09/04 11:00:09.841, 389.59 W, 600.00 W, 2670 MHz, 15368 MHz, 72, 98 %, 93054 MiB
2026/09/04 11:00:10.842, 547.40 W, 600.00 W, 2677 MHz, 15368 MHz, 74, 98 %, 93054 MiB
2026/09/04 11:00:11.843, 342.94 W, 600.00 W, 2745 MHz, 15368 MHz, 70, 99 %, 93054 MiB
2026/09/04 11:00:12.843, 351.18 W, 600.00 W, 2752 MHz, 15368 MHz, 69, 98 %, 93054 MiB
2026/09/04 11:00:13.844, 414.28 W, 600.00 W, 2677 MHz, 15368 MHz, 74, 99 %, 93054 MiB
2026/09/04 11:00:14.845, 533.68 W, 600.00 W, 2692 MHz, 15368 MHz, 69, 99 %, 93054 MiB
2026/09/04 11:00:15.846, 353.71 W, 600.00 W, 2745 MHz, 15368 MHz, 73, 98 %, 93054 MiB
2026/09/04 11:00:16.846, 341.51 W, 600.00 W, 2745 MHz, 15368 MHz, 67, 99 %, 93054 MiB
2026/09/04 11:00:17.847, 408.45 W, 600.00 W, 2670 MHz, 15368 MHz, 74, 98 %, 93054 MiB
2026/09/04 11:00:18.848, 550.53 W, 600.00 W, 2670 MHz, 15368 MHz, 75, 98 %, 93054 MiB
2026/09/04 11:00:19.849, 367.45 W, 600.00 W, 2730 MHz, 15368 MHz, 69, 99 %, 93054 MiB
2026/09/04 11:00:20.849, 353.92 W, 600.00 W, 2737 MHz, 15368 MHz, 70, 99 %, 93054 MiB
2026/09/04 11:00:21.850, 380.59 W, 600.00 W, 2685 MHz, 15368 MHz, 74, 98 %, 93054 MiB
2026/09/04 11:00:22.851, 558.18 W, 600.00 W, 2662 MHz, 15368 MHz, 76, 98 %, 93054 MiB
2026/09/04 11:00:23.852, 385.54 W, 600.00 W, 2737 MHz, 15368 MHz, 73, 99 %, 93054 MiB
2026/09/04 11:00:24.852, 358.80 W, 600.00 W, 2745 MHz, 15368 MHz, 71, 98 %, 93054 MiB
2026/09/04 11:00:25.854, 342.65 W, 600.00 W, 2752 MHz, 15368 MHz, 72, 99 %, 93054 MiB
2026/09/04 11:00:26.854, 542.27 W, 600.00 W, 2655 MHz, 15368 MHz, 76, 98 %, 93054 MiB
2026/09/04 11:00:27.857, 449.72 W, 600.00 W, 2737 MHz, 15368 MHz, 71, 99 %, 93054 MiB
2026/09/04 11:00:28.858, 367.96 W, 600.00 W, 2737 MHz, 15368 MHz, 75, 98 %, 93054 MiB
2026/09/04 11:00:29.858, 376.15 W, 600.00 W, 2737 MHz, 15368 MHz, 72, 99 %, 93054 MiB
2026/09/04 11:00:30.859, 428.33 W, 600.00 W, 2670 MHz, 15368 MHz, 75, 98 %, 93054 MiB
2026/09/04 11:00:31.860, 543.14 W, 600.00 W, 2692 MHz, 15368 MHz, 74, 99 %, 93054 MiB
2026/09/04 11:00:32.861, 370.79 W, 600.00 W, 2737 MHz, 15368 MHz, 73, 99 %, 93054 MiB
2026/09/04 11:00:33.862, 368.12 W, 600.00 W, 2737 MHz, 15368 MHz, 74, 99 %, 93054 MiB
2026/09/04 11:00:34.862, 335.56 W, 600.00 W, 2760 MHz, 15368 MHz, 74, 99 %, 93054 MiB
2026/09/04 11:00:35.865, 538.24 W, 600.00 W, 2655 MHz, 15368 MHz, 77, 99 %, 93054 MiB
2026/09/04 11:00:36.866, 465.03 W, 600.00 W, 2730 MHz, 15368 MHz, 71, 99 %, 93054 MiB
2026/09/04 11:00:37.867, 376.79 W, 600.00 W, 2730 MHz, 15368 MHz, 75, 99 %, 93054 MiB
2026/09/04 11:00:38.867, 366.60 W, 600.00 W, 2722 MHz, 15368 MHz, 73, 99 %, 93054 MiB
2026/09/04 11:00:39.868, 383.52 W, 600.00 W, 2677 MHz, 15368 MHz, 77, 99 %, 93054 MiB
2026/09/04 11:00:40.869, 552.83 W, 600.00 W, 2647 MHz, 15368 MHz, 78, 99 %, 93054 MiB
2026/09/04 11:00:41.870, 418.80 W, 600.00 W, 2722 MHz, 15368 MHz, 72, 99 %, 93054 MiB
2026/09/04 11:00:42.871, 370.36 W, 600.00 W, 2730 MHz, 15368 MHz, 72, 99 %, 93054 MiB
2026/09/04 11:00:43.872, 385.05 W, 600.00 W, 2722 MHz, 15368 MHz, 73, 99 %, 93054 MiB
2026/09/04 11:00:44.874, 405.44 W, 600.00 W, 2670 MHz, 15368 MHz, 78, 99 %, 93054 MiB
2026/09/04 11:00:45.875, 556.91 W, 600.00 W, 2655 MHz, 15368 MHz, 78, 99 %, 93054 MiB
2026/09/04 11:00:46.875, 408.94 W, 600.00 W, 2715 MHz, 15368 MHz, 76, 99 %, 93054 MiB
2026/09/04 11:00:47.876, 379.33 W, 600.00 W, 2730 MHz, 15368 MHz, 72, 99 %, 93054 MiB
2026/09/04 11:00:48.877, 382.83 W, 600.00 W, 2737 MHz, 15368 MHz, 73, 79 %, 93054 MiB
2026/09/04 11:00:49.878, 394.67 W, 600.00 W, 2670 MHz, 15368 MHz, 79, 99 %, 93054 MiB
2026/09/04 11:00:50.878, 552.60 W, 600.00 W, 2647 MHz, 15368 MHz, 78, 98 %, 93054 MiB
2026/09/04 11:00:51.879, 407.06 W, 600.00 W, 2730 MHz, 15368 MHz, 75, 99 %, 93054 MiB
2026/09/04 11:00:52.880, 374.95 W, 600.00 W, 2722 MHz, 15368 MHz, 75, 98 %, 93054 MiB
2026/09/04 11:00:53.881, 394.04 W, 600.00 W, 2715 MHz, 15368 MHz, 78, 99 %, 93054 MiB
2026/09/04 11:00:54.882, 374.24 W, 600.00 W, 2670 MHz, 15368 MHz, 78, 98 %, 93054 MiB
2026/09/04 11:00:55.883, 552.03 W, 600.00 W, 2640 MHz, 15368 MHz, 79, 98 %, 93054 MiB
2026/09/04 11:00:56.883, 454.99 W, 600.00 W, 2715 MHz, 15368 MHz, 74, 100 %, 93054 MiB
2026/09/04 11:00:57.884, 376.42 W, 600.00 W, 2730 MHz, 15368 MHz, 75, 99 %, 93054 MiB
2026/09/04 11:00:58.885, 391.21 W, 600.00 W, 2715 MHz, 15368 MHz, 75, 100 %, 93054 MiB
2026/09/04 11:00:59.886, 327.34 W, 600.00 W, 2677 MHz, 15368 MHz, 78, 100 %, 93054 MiB
2026/09/04 11:01:00.886, 546.35 W, 600.00 W, 2647 MHz, 15368 MHz, 79, 99 %, 93054 MiB
2026/09/04 11:01:01.887, 503.56 W, 600.00 W, 2715 MHz, 15368 MHz, 76, 100 %, 93054 MiB
2026/09/04 11:01:02.888, 380.13 W, 600.00 W, 2715 MHz, 15368 MHz, 75, 98 %, 93054 MiB
2026/09/04 11:01:03.889, 386.41 W, 600.00 W, 2707 MHz, 15368 MHz, 77, 99 %, 93054 MiB
2026/09/04 11:01:04.890, 317.49 W, 600.00 W, 2820 MHz, 15368 MHz, 70, 0 %, 93054 MiB
2026/09/04 11:01:05.890, 500.77 W, 600.00 W, 2655 MHz, 15368 MHz, 81, 99 %, 93054 MiB
2026/09/04 11:01:06.892, 547.14 W, 600.00 W, 2655 MHz, 15368 MHz, 80, 99 %, 93054 MiB
2026/09/04 11:01:07.894, 408.60 W, 600.00 W, 2737 MHz, 15368 MHz, 74, 99 %, 93054 MiB
2026/09/04 11:01:08.894, 395.32 W, 600.00 W, 2707 MHz, 15368 MHz, 78, 99 %, 93054 MiB
2026/09/04 11:01:09.895, 392.89 W, 600.00 W, 2707 MHz, 15368 MHz, 76, 98 %, 93054 MiB
2026/09/04 11:01:10.896, 387.87 W, 600.00 W, 2655 MHz, 15368 MHz, 80, 99 %, 93054 MiB
2026/09/04 11:01:11.896, 525.12 W, 600.00 W, 2700 MHz, 15368 MHz, 79, 96 %, 93054 MiB
2026/09/04 11:01:12.897, 338.12 W, 600.00 W, 2730 MHz, 15368 MHz, 77, 95 %, 93054 MiB
2026/09/04 11:01:13.898, 337.33 W, 600.00 W, 2730 MHz, 15368 MHz, 74, 96 %, 93054 MiB
2026/09/04 11:01:14.899, 263.52 W, 600.00 W, 2812 MHz, 15368 MHz, 72, 25 %, 93054 MiB
2026/09/04 11:01:15.899, 189.51 W, 600.00 W, 2812 MHz, 15368 MHz, 71, 25 %, 93054 MiB
2026/09/04 11:01:16.900, 183.17 W, 600.00 W, 2737 MHz, 15368 MHz, 70, 20 %, 93054 MiB
2026/09/04 11:01:17.901, 182.12 W, 600.00 W, 2737 MHz, 15368 MHz, 70, 26 %, 93054 MiB
2026/09/04 11:01:18.901, 180.48 W, 600.00 W, 2737 MHz, 15368 MHz, 69, 21 %, 93054 MiB
2026/09/04 11:01:19.902, 181.43 W, 600.00 W, 2737 MHz, 15368 MHz, 69, 25 %, 93054 MiB
2026/09/04 11:01:20.903, 181.35 W, 600.00 W, 2737 MHz, 15368 MHz, 69, 25 %, 93054 MiB
2026/09/04 11:01:21.903, 179.80 W, 600.00 W, 2737 MHz, 15368 MHz, 68, 22 %, 93054 MiB
2026/09/04 11:01:22.904, 178.52 W, 600.00 W, 2737 MHz, 15368 MHz, 68, 19 %, 93054 MiB
2026/09/04 11:01:23.904, 145.07 W, 600.00 W, 2610 MHz, 15368 MHz, 67, 7 %, 93054 MiB
2026/09/04 11:01:24.905, 127.95 W, 600.00 W, 2655 MHz, 15368 MHz, 73, 51 %, 93054 MiB
2026/09/04 11:01:25.905, 516.42 W, 600.00 W, 2662 MHz, 15368 MHz, 78, 98 %, 93054 MiB
2026/09/04 11:01:26.906, 385.61 W, 600.00 W, 2737 MHz, 15368 MHz, 71, 99 %, 93054 MiB
2026/09/04 11:01:27.907, 340.35 W, 600.00 W, 2737 MHz, 15368 MHz, 71, 98 %, 93054 MiB
2026/09/04 11:01:28.907, 400.57 W, 600.00 W, 2655 MHz, 15368 MHz, 77, 98 %, 93054 MiB
2026/09/04 11:01:29.908, 539.24 W, 600.00 W, 2692 MHz, 15368 MHz, 75, 98 %, 93054 MiB
2026/09/04 11:01:30.908, 346.43 W, 600.00 W, 2737 MHz, 15368 MHz, 74, 98 %, 93054 MiB
2026/09/04 11:01:31.909, 347.93 W, 600.00 W, 2737 MHz, 15368 MHz, 72, 98 %, 93054 MiB
2026/09/04 11:01:32.909, 452.67 W, 600.00 W, 2655 MHz, 15368 MHz, 79, 98 %, 93054 MiB
2026/09/04 11:01:33.910, 505.35 W, 600.00 W, 2730 MHz, 15368 MHz, 74, 99 %, 93054 MiB
2026/09/04 11:01:34.911, 354.58 W, 600.00 W, 2730 MHz, 15368 MHz, 74, 98 %, 93054 MiB
2026/09/04 11:01:35.911, 356.86 W, 600.00 W, 2722 MHz, 15368 MHz, 75, 98 %, 93054 MiB
2026/09/04 11:01:36.912, 475.68 W, 600.00 W, 2640 MHz, 15368 MHz, 79, 98 %, 93054 MiB
2026/09/04 11:01:37.913, 498.12 W, 600.00 W, 2730 MHz, 15368 MHz, 73, 99 %, 93054 MiB
2026/09/04 11:01:38.914, 362.14 W, 600.00 W, 2730 MHz, 15368 MHz, 73, 98 %, 93054 MiB
2026/09/04 11:01:39.914, 361.87 W, 600.00 W, 2715 MHz, 15368 MHz, 76, 98 %, 93054 MiB
2026/09/04 11:01:40.915, 462.88 W, 600.00 W, 2640 MHz, 15368 MHz, 80, 98 %, 93054 MiB
2026/09/04 11:01:41.916, 517.76 W, 600.00 W, 2730 MHz, 15368 MHz, 78, 98 %, 93054 MiB
2026/09/04 11:01:42.916, 356.81 W, 600.00 W, 2722 MHz, 15368 MHz, 73, 99 %, 93054 MiB
2026/09/04 11:01:43.917, 365.44 W, 600.00 W, 2722 MHz, 15368 MHz, 75, 99 %, 93054 MiB
2026/09/04 11:01:44.918, 430.62 W, 600.00 W, 2662 MHz, 15368 MHz, 78, 98 %, 93054 MiB
2026/09/04 11:01:45.918, 549.94 W, 600.00 W, 2692 MHz, 15368 MHz, 75, 99 %, 93054 MiB
2026/09/04 11:01:46.919, 365.68 W, 600.00 W, 2722 MHz, 15368 MHz, 76, 98 %, 93054 MiB
2026/09/04 11:01:47.919, 369.77 W, 600.00 W, 2730 MHz, 15368 MHz, 76, 99 %, 93054 MiB
2026/09/04 11:01:48.920, 382.48 W, 600.00 W, 2662 MHz, 15368 MHz, 79, 98 %, 93054 MiB
2026/09/04 11:01:49.920, 561.61 W, 600.00 W, 2655 MHz, 15368 MHz, 81, 99 %, 93054 MiB
2026/09/04 11:01:50.921, 415.32 W, 600.00 W, 2730 MHz, 15368 MHz, 78, 99 %, 93054 MiB
2026/09/04 11:01:51.922, 367.21 W, 600.00 W, 2737 MHz, 15368 MHz, 76, 98 %, 93054 MiB
2026/09/04 11:01:52.923, 347.21 W, 600.00 W, 2790 MHz, 15368 MHz, 72, 0 %, 93054 MiB
2026/09/04 11:01:53.924, 478.48 W, 600.00 W, 2640 MHz, 15368 MHz, 81, 98 %, 93054 MiB
2026/09/04 11:01:54.925, 516.53 W, 600.00 W, 2722 MHz, 15368 MHz, 80, 99 %, 93054 MiB
2026/09/04 11:01:55.926, 374.87 W, 600.00 W, 2730 MHz, 15368 MHz, 77, 98 %, 93054 MiB
2026/09/04 11:01:56.926, 370.02 W, 600.00 W, 2722 MHz, 15368 MHz, 74, 99 %, 93054 MiB
2026/09/04 11:01:57.927, 376.11 W, 600.00 W, 2677 MHz, 15368 MHz, 79, 99 %, 93054 MiB
2026/09/04 11:01:58.927, 556.85 W, 600.00 W, 2647 MHz, 15368 MHz, 82, 99 %, 93054 MiB
2026/09/04 11:01:59.928, 452.15 W, 600.00 W, 2722 MHz, 15368 MHz, 75, 99 %, 93054 MiB
2026/09/04 11:02:00.929, 379.60 W, 600.00 W, 2730 MHz, 15368 MHz, 77, 99 %, 93054 MiB
2026/09/04 11:02:01.929, 382.00 W, 600.00 W, 2722 MHz, 15368 MHz, 79, 99 %, 93054 MiB
2026/09/04 11:02:02.930, 407.98 W, 600.00 W, 2662 MHz, 15368 MHz, 81, 99 %, 93054 MiB
2026/09/04 11:02:03.930, 560.20 W, 600.00 W, 2647 MHz, 15368 MHz, 82, 99 %, 93054 MiB
2026/09/04 11:02:04.931, 399.83 W, 600.00 W, 2722 MHz, 15368 MHz, 75, 100 %, 93054 MiB
2026/09/04 11:02:05.931, 380.63 W, 600.00 W, 2722 MHz, 15368 MHz, 78, 99 %, 93054 MiB
2026/09/04 11:02:06.932, 362.19 W, 600.00 W, 2760 MHz, 15368 MHz, 73, 0 %, 93054 MiB
2026/09/04 11:02:07.933, 425.30 W, 600.00 W, 2662 MHz, 15368 MHz, 81, 99 %, 93054 MiB
2026/09/04 11:02:08.934, 565.98 W, 600.00 W, 2632 MHz, 15368 MHz, 82, 98 %, 93054 MiB
2026/09/04 11:02:09.934, 388.51 W, 600.00 W, 2715 MHz, 15368 MHz, 80, 99 %, 93054 MiB
2026/09/04 11:02:10.935, 386.39 W, 600.00 W, 2722 MHz, 15368 MHz, 81, 99 %, 93054 MiB
2026/09/04 11:02:11.936, 366.48 W, 600.00 W, 2790 MHz, 15368 MHz, 73, 0 %, 93054 MiB
2026/09/04 11:02:12.936, 457.39 W, 600.00 W, 2655 MHz, 15368 MHz, 81, 99 %, 93054 MiB
2026/09/04 11:02:13.937, 560.85 W, 600.00 W, 2632 MHz, 15368 MHz, 82, 99 %, 93054 MiB
2026/09/04 11:02:14.937, 394.52 W, 600.00 W, 2715 MHz, 15368 MHz, 76, 100 %, 93054 MiB
2026/09/04 11:02:15.938, 382.11 W, 600.00 W, 2737 MHz, 15368 MHz, 75, 99 %, 93054 MiB
2026/09/04 11:02:16.939, 390.84 W, 600.00 W, 2730 MHz, 15368 MHz, 76, 76 %, 93054 MiB
2026/09/04 11:02:17.940, 395.65 W, 600.00 W, 2670 MHz, 15368 MHz, 81, 99 %, 93054 MiB
2026/09/04 11:02:18.940, 556.82 W, 600.00 W, 2647 MHz, 15368 MHz, 82, 99 %, 93054 MiB
2026/09/04 11:02:19.941, 436.86 W, 600.00 W, 2715 MHz, 15368 MHz, 81, 98 %, 93054 MiB
2026/09/04 11:02:20.942, 386.69 W, 600.00 W, 2707 MHz, 15368 MHz, 80, 99 %, 93054 MiB
2026/09/04 11:02:21.942, 390.08 W, 600.00 W, 2700 MHz, 15368 MHz, 81, 99 %, 93054 MiB
2026/09/04 11:02:22.943, 344.60 W, 600.00 W, 2655 MHz, 15368 MHz, 81, 98 %, 93054 MiB
2026/09/04 11:02:23.943, 553.39 W, 600.00 W, 2640 MHz, 15368 MHz, 83, 99 %, 93054 MiB
2026/09/04 11:02:24.944, 484.88 W, 600.00 W, 2700 MHz, 15368 MHz, 79, 98 %, 93054 MiB
2026/09/04 11:02:25.944, 380.70 W, 600.00 W, 2730 MHz, 15368 MHz, 78, 98 %, 93054 MiB
2026/09/04 11:02:26.945, 398.32 W, 600.00 W, 2715 MHz, 15368 MHz, 77, 100 %, 93054 MiB
2026/09/04 11:02:27.946, 309.93 W, 600.00 W, 2805 MHz, 15368 MHz, 73, 0 %, 93054 MiB
2026/09/04 11:02:28.946, 523.80 W, 600.00 W, 2640 MHz, 15368 MHz, 81, 99 %, 93054 MiB
2026/09/04 11:02:29.947, 551.50 W, 600.00 W, 2647 MHz, 15368 MHz, 83, 99 %, 93054 MiB
2026/09/04 11:02:30.947, 420.16 W, 600.00 W, 2722 MHz, 15368 MHz, 79, 99 %, 93054 MiB
2026/09/04 11:02:31.949, 402.99 W, 600.00 W, 2722 MHz, 15368 MHz, 78, 100 %, 93054 MiB
2026/09/04 11:02:32.949, 393.48 W, 600.00 W, 2707 MHz, 15368 MHz, 81, 99 %, 93054 MiB
2026/09/04 11:02:33.950, 386.89 W, 600.00 W, 2647 MHz, 15368 MHz, 81, 99 %, 93054 MiB
2026/09/04 11:02:34.951, 525.23 W, 600.00 W, 2700 MHz, 15368 MHz, 77, 99 %, 93054 MiB
2026/09/04 11:02:35.952, 348.00 W, 600.00 W, 2715 MHz, 15368 MHz, 76, 99 %, 93054 MiB
2026/09/04 11:02:36.953, 361.75 W, 600.00 W, 2722 MHz, 15368 MHz, 79, 99 %, 93054 MiB
2026/09/04 11:02:37.954, 255.87 W, 600.00 W, 2805 MHz, 15368 MHz, 73, 19 %, 93054 MiB
2026/09/04 11:02:38.955, 192.76 W, 600.00 W, 2805 MHz, 15368 MHz, 73, 21 %, 93054 MiB
2026/09/04 11:02:39.955, 186.40 W, 600.00 W, 2737 MHz, 15368 MHz, 73, 25 %, 93054 MiB
2026/09/04 11:02:40.956, 185.01 W, 600.00 W, 2745 MHz, 15368 MHz, 72, 26 %, 93054 MiB
2026/09/04 11:02:41.957, 185.62 W, 600.00 W, 2737 MHz, 15368 MHz, 72, 21 %, 93054 MiB
2026/09/04 11:02:42.957, 184.34 W, 600.00 W, 2737 MHz, 15368 MHz, 72, 25 %, 93054 MiB
2026/09/04 11:02:43.958, 184.66 W, 600.00 W, 2745 MHz, 15368 MHz, 72, 25 %, 93054 MiB
2026/09/04 11:02:44.958, 182.99 W, 600.00 W, 2737 MHz, 15368 MHz, 71, 19 %, 93054 MiB
2026/09/04 11:02:45.959, 182.93 W, 600.00 W, 2737 MHz, 15368 MHz, 71, 25 %, 93054 MiB
2026/09/04 11:02:46.960, 135.92 W, 600.00 W, 2610 MHz, 15368 MHz, 69, 7 %, 93054 MiB
2026/09/04 11:02:47.960, 120.77 W, 600.00 W, 2640 MHz, 15368 MHz, 74, 35 %, 93054 MiB
2026/09/04 11:02:48.961, 542.80 W, 600.00 W, 2647 MHz, 15368 MHz, 80, 98 %, 93054 MiB
2026/09/04 11:02:49.962, 395.04 W, 600.00 W, 2737 MHz, 15368 MHz, 75, 99 %, 93054 MiB
2026/09/04 11:02:50.963, 343.99 W, 600.00 W, 2745 MHz, 15368 MHz, 75, 99 %, 93054 MiB
2026/09/04 11:02:51.964, 394.97 W, 600.00 W, 2670 MHz, 15368 MHz, 80, 99 %, 93054 MiB
2026/09/04 11:02:52.965, 547.37 W, 600.00 W, 2677 MHz, 15368 MHz, 75, 98 %, 93054 MiB
2026/09/04 11:02:53.966, 360.50 W, 600.00 W, 2730 MHz, 15368 MHz, 74, 98 %, 93054 MiB
2026/09/04 11:02:54.966, 356.84 W, 600.00 W, 2737 MHz, 15368 MHz, 79, 98 %, 93054 MiB
2026/09/04 11:02:55.967, 447.81 W, 600.00 W, 2655 MHz, 15368 MHz, 80, 98 %, 93054 MiB
2026/09/04 11:02:56.968, 517.87 W, 600.00 W, 2737 MHz, 15368 MHz, 79, 98 %, 93054 MiB
2026/09/04 11:02:57.969, 353.88 W, 600.00 W, 2730 MHz, 15368 MHz, 74, 99 %, 93054 MiB
2026/09/04 11:02:58.969, 362.18 W, 600.00 W, 2722 MHz, 15368 MHz, 76, 98 %, 93054 MiB
2026/09/04 11:02:59.970, 466.09 W, 600.00 W, 2640 MHz, 15368 MHz, 82, 98 %, 93054 MiB
2026/09/04 11:03:00.972, 499.67 W, 600.00 W, 2722 MHz, 15368 MHz, 77, 99 %, 93054 MiB
2026/09/04 11:03:01.973, 363.40 W, 600.00 W, 2730 MHz, 15368 MHz, 78, 99 %, 93054 MiB
2026/09/04 11:03:02.973, 361.83 W, 600.00 W, 2722 MHz, 15368 MHz, 76, 98 %, 93054 MiB
2026/09/04 11:03:03.974, 450.57 W, 600.00 W, 2640 MHz, 15368 MHz, 81, 98 %, 93054 MiB
2026/09/04 11:03:04.975, 516.10 W, 600.00 W, 2722 MHz, 15368 MHz, 79, 99 %, 93054 MiB
2026/09/04 11:03:05.976, 364.46 W, 600.00 W, 2722 MHz, 15368 MHz, 80, 99 %, 93054 MiB
2026/09/04 11:03:06.977, 365.32 W, 600.00 W, 2722 MHz, 15368 MHz, 78, 98 %, 93054 MiB
2026/09/04 11:03:07.978, 426.53 W, 600.00 W, 2662 MHz, 15368 MHz, 81, 98 %, 93054 MiB
2026/09/04 11:03:08.979, 565.50 W, 600.00 W, 2670 MHz, 15368 MHz, 77, 98 %, 93054 MiB
2026/09/04 11:03:09.979, 369.95 W, 600.00 W, 2730 MHz, 15368 MHz, 75, 99 %, 93054 MiB
2026/09/04 11:03:10.980, 371.55 W, 600.00 W, 2730 MHz, 15368 MHz, 77, 100 %, 93054 MiB
2026/09/04 11:03:11.981, 385.27 W, 600.00 W, 2677 MHz, 15368 MHz, 81, 99 %, 93054 MiB
2026/09/04 11:03:12.982, 565.08 W, 600.00 W, 2647 MHz, 15368 MHz, 82, 98 %, 93054 MiB
2026/09/04 11:03:13.982, 437.93 W, 600.00 W, 2722 MHz, 15368 MHz, 77, 98 %, 93054 MiB
2026/09/04 11:03:14.983, 376.83 W, 600.00 W, 2730 MHz, 15368 MHz, 75, 98 %, 93054 MiB
2026/09/04 11:03:15.984, 364.59 W, 600.00 W, 2752 MHz, 15368 MHz, 74, 1 %, 93054 MiB
2026/09/04 11:03:16.985, 490.35 W, 600.00 W, 2640 MHz, 15368 MHz, 82, 98 %, 93054 MiB
2026/09/04 11:03:17.985, 520.22 W, 600.00 W, 2730 MHz, 15368 MHz, 76, 99 %, 93054 MiB
2026/09/04 11:03:18.986, 378.29 W, 600.00 W, 2715 MHz, 15368 MHz, 76, 98 %, 93054 MiB
2026/09/04 11:03:19.987, 377.25 W, 600.00 W, 2722 MHz, 15368 MHz, 77, 98 %, 93054 MiB
2026/09/04 11:03:20.988, 366.77 W, 600.00 W, 2670 MHz, 15368 MHz, 81, 99 %, 93054 MiB
2026/09/04 11:03:21.989, 556.86 W, 600.00 W, 2632 MHz, 15368 MHz, 83, 99 %, 93054 MiB
2026/09/04 11:03:22.990, 462.63 W, 600.00 W, 2730 MHz, 15368 MHz, 79, 99 %, 93054 MiB
2026/09/04 11:03:23.991, 382.82 W, 600.00 W, 2722 MHz, 15368 MHz, 79, 99 %, 93054 MiB
2026/09/04 11:03:24.992, 379.60 W, 600.00 W, 2715 MHz, 15368 MHz, 78, 98 %, 93054 MiB
2026/09/04 11:03:25.992, 405.75 W, 600.00 W, 2655 MHz, 15368 MHz, 82, 99 %, 93054 MiB
2026/09/04 11:03:26.993, 561.85 W, 600.00 W, 2632 MHz, 15368 MHz, 83, 98 %, 93054 MiB
2026/09/04 11:03:27.994, 430.48 W, 600.00 W, 2715 MHz, 15368 MHz, 81, 99 %, 93054 MiB
2026/09/04 11:03:28.995, 378.44 W, 600.00 W, 2730 MHz, 15368 MHz, 77, 99 %, 93054 MiB
2026/09/04 11:03:29.995, 385.43 W, 600.00 W, 2730 MHz, 15368 MHz, 75, 56 %, 93054 MiB
2026/09/04 11:03:30.996, 412.95 W, 600.00 W, 2655 MHz, 15368 MHz, 81, 99 %, 93054 MiB
2026/09/04 11:03:31.998, 566.81 W, 600.00 W, 2640 MHz, 15368 MHz, 84, 99 %, 93054 MiB
2026/09/04 11:03:32.998, 400.41 W, 600.00 W, 2722 MHz, 15368 MHz, 77, 100 %, 93054 MiB
2026/09/04 11:03:33.999, 384.23 W, 600.00 W, 2730 MHz, 15368 MHz, 79, 98 %, 93054 MiB
2026/09/04 11:03:35.000, 379.18 W, 600.00 W, 2737 MHz, 15368 MHz, 75, 31 %, 93054 MiB
2026/09/04 11:03:36.001, 427.35 W, 600.00 W, 2632 MHz, 15368 MHz, 82, 98 %, 93054 MiB
2026/09/04 11:03:37.001, 560.11 W, 600.00 W, 2632 MHz, 15368 MHz, 82, 99 %, 93054 MiB
2026/09/04 11:03:38.003, 414.50 W, 600.00 W, 2707 MHz, 15368 MHz, 81, 99 %, 93054 MiB
2026/09/04 11:03:39.004, 391.98 W, 600.00 W, 2715 MHz, 15368 MHz, 82, 99 %, 93054 MiB
2026/09/04 11:03:40.004, 400.02 W, 600.00 W, 2715 MHz, 15368 MHz, 79, 99 %, 93054 MiB
2026/09/04 11:03:41.005, 385.86 W, 600.00 W, 2647 MHz, 15368 MHz, 82, 98 %, 93054 MiB
2026/09/04 11:03:42.006, 559.22 W, 600.00 W, 2617 MHz, 15368 MHz, 83, 98 %, 93054 MiB
2026/09/04 11:03:43.007, 461.02 W, 600.00 W, 2715 MHz, 15368 MHz, 78, 100 %, 93054 MiB
2026/09/04 11:03:44.007, 385.22 W, 600.00 W, 2722 MHz, 15368 MHz, 79, 98 %, 93054 MiB
2026/09/04 11:03:45.008, 399.48 W, 600.00 W, 2707 MHz, 15368 MHz, 79, 100 %, 93054 MiB
2026/09/04 11:03:46.008, 333.49 W, 600.00 W, 2662 MHz, 15368 MHz, 83, 100 %, 93054 MiB
2026/09/04 11:03:47.009, 549.86 W, 600.00 W, 2632 MHz, 15368 MHz, 82, 99 %, 93054 MiB
2026/09/04 11:03:48.010, 514.15 W, 600.00 W, 2707 MHz, 15368 MHz, 83, 99 %, 93054 MiB
2026/09/04 11:03:49.012, 387.69 W, 600.00 W, 2707 MHz, 15368 MHz, 82, 98 %, 93054 MiB
2026/09/04 11:03:50.013, 386.46 W, 600.00 W, 2715 MHz, 15368 MHz, 81, 99 %, 93054 MiB
2026/09/04 11:03:51.014, 326.28 W, 600.00 W, 2812 MHz, 15368 MHz, 74, 0 %, 93054 MiB
2026/09/04 11:03:52.015, 463.68 W, 600.00 W, 2640 MHz, 15368 MHz, 84, 99 %, 93054 MiB
2026/09/04 11:03:53.015, 552.24 W, 600.00 W, 2625 MHz, 15368 MHz, 83, 99 %, 93054 MiB
2026/09/04 11:03:54.016, 422.18 W, 600.00 W, 2715 MHz, 15368 MHz, 78, 99 %, 93054 MiB
2026/09/04 11:03:55.017, 397.41 W, 600.00 W, 2707 MHz, 15368 MHz, 81, 99 %, 93054 MiB
2026/09/04 11:03:56.018, 397.70 W, 600.00 W, 2707 MHz, 15368 MHz, 78, 100 %, 93054 MiB
2026/09/04 11:03:57.019, 311.03 W, 600.00 W, 2692 MHz, 15368 MHz, 81, 99 %, 93054 MiB
2026/09/04 11:03:58.020, 536.77 W, 600.00 W, 2625 MHz, 15368 MHz, 84, 99 %, 93054 MiB
2026/09/04 11:03:59.020, 537.36 W, 600.00 W, 2670 MHz, 15368 MHz, 79, 99 %, 93054 MiB
2026/09/04 11:04:00.021, 397.73 W, 600.00 W, 2700 MHz, 15368 MHz, 82, 99 %, 93054 MiB
2026/09/04 11:04:01.022, 389.07 W, 600.00 W, 2737 MHz, 15368 MHz, 79, 99 %, 93054 MiB
2026/09/04 11:04:02.023, 412.58 W, 600.00 W, 2692 MHz, 15368 MHz, 82, 99 %, 93054 MiB
2026/09/04 11:04:03.023, 327.44 W, 600.00 W, 2640 MHz, 15368 MHz, 82, 99 %, 93054 MiB
2026/09/04 11:04:04.024, 544.25 W, 600.00 W, 2640 MHz, 15368 MHz, 82, 99 %, 93054 MiB
2026/09/04 11:04:05.025, 509.64 W, 600.00 W, 2730 MHz, 15368 MHz, 78, 99 %, 93054 MiB
2026/09/04 11:04:06.026, 400.84 W, 600.00 W, 2715 MHz, 15368 MHz, 81, 99 %, 93054 MiB
2026/09/04 11:04:07.027, 403.80 W, 600.00 W, 2700 MHz, 15368 MHz, 83, 99 %, 93054 MiB
2026/09/04 11:04:08.028, 410.33 W, 600.00 W, 2707 MHz, 15368 MHz, 78, 83 %, 93054 MiB
2026/09/04 11:04:09.028, 318.66 W, 600.00 W, 2647 MHz, 15368 MHz, 82, 99 %, 93054 MiB
2026/09/04 11:04:10.029, 539.61 W, 600.00 W, 2632 MHz, 15368 MHz, 82, 99 %, 93054 MiB
2026/09/04 11:04:11.030, 517.41 W, 600.00 W, 2707 MHz, 15368 MHz, 80, 98 %, 93054 MiB
2026/09/04 11:04:12.031, 390.94 W, 600.00 W, 2722 MHz, 15368 MHz, 78, 99 %, 93054 MiB
2026/09/04 11:04:13.032, 392.58 W, 600.00 W, 2737 MHz, 15368 MHz, 77, 99 %, 93054 MiB
2026/09/04 11:04:14.033, 410.38 W, 600.00 W, 2707 MHz, 15368 MHz, 81, 99 %, 93054 MiB
2026/09/04 11:04:15.033, 298.99 W, 600.00 W, 2700 MHz, 15368 MHz, 81, 100 %, 93054 MiB
2026/09/04 11:04:16.034, 542.49 W, 600.00 W, 2662 MHz, 15368 MHz, 83, 99 %, 93054 MiB
2026/09/04 11:04:17.035, 500.01 W, 600.00 W, 2722 MHz, 15368 MHz, 85, 99 %, 93054 MiB
2026/09/04 11:04:18.036, 413.58 W, 600.00 W, 2722 MHz, 15368 MHz, 83, 100 %, 93054 MiB
2026/09/04 11:04:19.037, 405.82 W, 600.00 W, 2722 MHz, 15368 MHz, 83, 100 %, 93054 MiB
2026/09/04 11:04:20.038, 424.28 W, 600.00 W, 2722 MHz, 15368 MHz, 82, 100 %, 93054 MiB
2026/09/04 11:04:21.039, 293.71 W, 600.00 W, 2647 MHz, 15368 MHz, 84, 99 %, 93054 MiB
2026/09/04 11:04:22.040, 537.95 W, 600.00 W, 2632 MHz, 15368 MHz, 83, 100 %, 93054 MiB
2026/09/04 11:04:23.040, 542.02 W, 600.00 W, 2625 MHz, 15368 MHz, 83, 99 %, 93054 MiB
2026/09/04 11:04:24.041, 400.52 W, 600.00 W, 2715 MHz, 15368 MHz, 81, 99 %, 93054 MiB
2026/09/04 11:04:25.042, 395.98 W, 600.00 W, 2722 MHz, 15368 MHz, 81, 99 %, 93054 MiB
2026/09/04 11:04:26.043, 396.20 W, 600.00 W, 2722 MHz, 15368 MHz, 81, 98 %, 93054 MiB
2026/09/04 11:04:27.044, 281.20 W, 600.00 W, 2812 MHz, 15368 MHz, 74, 0 %, 93054 MiB
2026/09/04 11:04:28.044, 485.02 W, 600.00 W, 2647 MHz, 15368 MHz, 82, 99 %, 93054 MiB
2026/09/04 11:04:29.045, 531.54 W, 600.00 W, 2632 MHz, 15368 MHz, 84, 100 %, 93054 MiB
2026/09/04 11:04:30.046, 488.04 W, 600.00 W, 2692 MHz, 15368 MHz, 84, 100 %, 93054 MiB
2026/09/04 11:04:31.047, 404.24 W, 600.00 W, 2685 MHz, 15368 MHz, 81, 99 %, 93054 MiB
2026/09/04 11:04:32.048, 398.19 W, 600.00 W, 2707 MHz, 15368 MHz, 81, 99 %, 93054 MiB
2026/09/04 11:04:33.048, 407.69 W, 600.00 W, 2715 MHz, 15368 MHz, 81, 99 %, 93054 MiB
2026/09/04 11:04:34.049, 260.82 W, 600.00 W, 2715 MHz, 15368 MHz, 80, 99 %, 93054 MiB
2026/09/04 11:04:35.050, 517.26 W, 600.00 W, 2640 MHz, 15368 MHz, 82, 99 %, 93054 MiB
2026/09/04 11:04:36.051, 530.75 W, 600.00 W, 2640 MHz, 15368 MHz, 83, 100 %, 93054 MiB
2026/09/04 11:04:37.052, 443.79 W, 600.00 W, 2730 MHz, 15368 MHz, 78, 99 %, 93054 MiB
2026/09/04 11:04:38.053, 402.22 W, 600.00 W, 2715 MHz, 15368 MHz, 79, 98 %, 93054 MiB
2026/09/04 11:04:39.054, 399.57 W, 600.00 W, 2700 MHz, 15368 MHz, 81, 98 %, 93054 MiB
2026/09/04 11:04:40.054, 402.48 W, 600.00 W, 2700 MHz, 15368 MHz, 81, 92 %, 93054 MiB
2026/09/04 11:04:41.055, 251.01 W, 600.00 W, 2677 MHz, 15368 MHz, 81, 99 %, 93054 MiB
2026/09/04 11:04:42.056, 526.71 W, 600.00 W, 2640 MHz, 15368 MHz, 83, 100 %, 93054 MiB
2026/09/04 11:04:43.057, 530.75 W, 600.00 W, 2647 MHz, 15368 MHz, 83, 99 %, 93054 MiB
2026/09/04 11:04:44.058, 458.03 W, 600.00 W, 2730 MHz, 15368 MHz, 79, 99 %, 93054 MiB
2026/09/04 11:04:45.059, 411.37 W, 600.00 W, 2700 MHz, 15368 MHz, 83, 99 %, 93054 MiB
2026/09/04 11:04:46.060, 405.42 W, 600.00 W, 2685 MHz, 15368 MHz, 78, 100 %, 93054 MiB
2026/09/04 11:04:47.060, 418.57 W, 600.00 W, 2692 MHz, 15368 MHz, 84, 100 %, 93054 MiB
2026/09/04 11:04:48.061, 264.42 W, 600.00 W, 2700 MHz, 15368 MHz, 80, 99 %, 93054 MiB
2026/09/04 11:04:49.062, 522.33 W, 600.00 W, 2647 MHz, 15368 MHz, 82, 99 %, 93054 MiB
2026/09/04 11:04:50.063, 529.46 W, 600.00 W, 2640 MHz, 15368 MHz, 83, 99 %, 93054 MiB
2026/09/04 11:04:51.064, 466.47 W, 600.00 W, 2692 MHz, 15368 MHz, 80, 100 %, 93054 MiB
2026/09/04 11:04:52.065, 402.24 W, 600.00 W, 2692 MHz, 15368 MHz, 81, 99 %, 93054 MiB
2026/09/04 11:04:53.065, 402.77 W, 600.00 W, 2745 MHz, 15368 MHz, 80, 99 %, 93054 MiB
2026/09/04 11:04:54.066, 411.72 W, 600.00 W, 2692 MHz, 15368 MHz, 82, 98 %, 93054 MiB
2026/09/04 11:04:55.067, 245.06 W, 600.00 W, 2812 MHz, 15368 MHz, 75, 0 %, 93054 MiB
2026/09/04 11:04:56.068, 495.30 W, 600.00 W, 2647 MHz, 15368 MHz, 84, 99 %, 93054 MiB
2026/09/04 11:04:57.069, 523.80 W, 600.00 W, 2632 MHz, 15368 MHz, 86, 99 %, 93054 MiB
2026/09/04 11:04:58.070, 512.39 W, 600.00 W, 2677 MHz, 15368 MHz, 80, 99 %, 93054 MiB
2026/09/04 11:04:59.071, 401.61 W, 600.00 W, 2692 MHz, 15368 MHz, 81, 99 %, 93054 MiB
2026/09/04 11:05:00.072, 403.59 W, 600.00 W, 2730 MHz, 15368 MHz, 78, 99 %, 93054 MiB
2026/09/04 11:05:01.073, 407.47 W, 600.00 W, 2685 MHz, 15368 MHz, 78, 100 %, 93054 MiB
2026/09/04 11:05:02.074, 351.57 W, 600.00 W, 2812 MHz, 15368 MHz, 75, 0 %, 93054 MiB
2026/09/04 11:05:03.074, 314.51 W, 600.00 W, 2685 MHz, 15368 MHz, 83, 98 %, 93054 MiB
2026/09/04 11:05:04.075, 511.34 W, 600.00 W, 2670 MHz, 15368 MHz, 84, 100 %, 93054 MiB
2026/09/04 11:05:05.076, 520.44 W, 600.00 W, 2670 MHz, 15368 MHz, 82, 100 %, 93054 MiB
2026/09/04 11:05:06.077, 475.43 W, 600.00 W, 2715 MHz, 15368 MHz, 84, 100 %, 93054 MiB
2026/09/04 11:05:07.077, 403.57 W, 600.00 W, 2737 MHz, 15368 MHz, 79, 99 %, 93054 MiB
2026/09/04 11:05:08.078, 417.21 W, 600.00 W, 2722 MHz, 15368 MHz, 80, 100 %, 93054 MiB
2026/09/04 11:05:09.079, 404.49 W, 600.00 W, 2737 MHz, 15368 MHz, 81, 98 %, 93054 MiB
2026/09/04 11:05:10.080, 313.28 W, 600.00 W, 2812 MHz, 15368 MHz, 75, 0 %, 93054 MiB
2026/09/04 11:05:11.080, 327.86 W, 600.00 W, 2655 MHz, 15368 MHz, 81, 100 %, 93054 MiB
2026/09/04 11:05:12.081, 521.79 W, 600.00 W, 2647 MHz, 15368 MHz, 83, 98 %, 93054 MiB
2026/09/04 11:05:13.082, 519.59 W, 600.00 W, 2655 MHz, 15368 MHz, 85, 99 %, 93054 MiB
2026/09/04 11:05:14.082, 455.16 W, 600.00 W, 2700 MHz, 15368 MHz, 84, 99 %, 93054 MiB
2026/09/04 11:05:15.083, 400.76 W, 600.00 W, 2692 MHz, 15368 MHz, 81, 100 %, 93054 MiB
2026/09/04 11:05:16.084, 410.39 W, 600.00 W, 2722 MHz, 15368 MHz, 80, 98 %, 93054 MiB
2026/09/04 11:05:17.085, 411.69 W, 600.00 W, 2677 MHz, 15368 MHz, 82, 100 %, 93054 MiB
2026/09/04 11:05:18.086, 267.12 W, 600.00 W, 2812 MHz, 15368 MHz, 75, 0 %, 93054 MiB
2026/09/04 11:05:19.086, 351.32 W, 600.00 W, 2662 MHz, 15368 MHz, 83, 100 %, 93054 MiB
2026/09/04 11:05:20.087, 519.71 W, 600.00 W, 2647 MHz, 15368 MHz, 82, 99 %, 93054 MiB
2026/09/04 11:05:21.088, 516.44 W, 600.00 W, 2647 MHz, 15368 MHz, 85, 99 %, 93054 MiB
2026/09/04 11:05:22.088, 449.82 W, 600.00 W, 2700 MHz, 15368 MHz, 84, 99 %, 93054 MiB
2026/09/04 11:05:23.090, 399.66 W, 600.00 W, 2692 MHz, 15368 MHz, 81, 99 %, 93054 MiB
2026/09/04 11:05:24.090, 407.67 W, 600.00 W, 2707 MHz, 15368 MHz, 83, 99 %, 93054 MiB
2026/09/04 11:05:25.091, 402.55 W, 600.00 W, 2685 MHz, 15368 MHz, 81, 99 %, 93054 MiB
2026/09/04 11:05:26.092, 288.22 W, 600.00 W, 2812 MHz, 15368 MHz, 75, 0 %, 93054 MiB
2026/09/04 11:05:27.092, 359.83 W, 600.00 W, 2655 MHz, 15368 MHz, 81, 100 %, 93054 MiB
2026/09/04 11:05:28.093, 511.02 W, 600.00 W, 2647 MHz, 15368 MHz, 85, 98 %, 93054 MiB
2026/09/04 11:05:29.093, 511.54 W, 600.00 W, 2647 MHz, 15368 MHz, 82, 100 %, 93054 MiB
2026/09/04 11:05:30.095, 467.02 W, 600.00 W, 2677 MHz, 15368 MHz, 81, 100 %, 93054 MiB
2026/09/04 11:05:31.096, 409.34 W, 600.00 W, 2722 MHz, 15368 MHz, 81, 98 %, 93054 MiB
2026/09/04 11:05:32.097, 407.31 W, 600.00 W, 2692 MHz, 15368 MHz, 81, 100 %, 93054 MiB
2026/09/04 11:05:33.097, 402.06 W, 600.00 W, 2707 MHz, 15368 MHz, 82, 99 %, 93054 MiB
2026/09/04 11:05:34.098, 347.50 W, 600.00 W, 2812 MHz, 15368 MHz, 75, 0 %, 93054 MiB
2026/09/04 11:05:35.099, 243.69 W, 600.00 W, 2677 MHz, 15368 MHz, 80, 100 %, 93054 MiB
2026/09/04 11:05:36.100, 502.94 W, 600.00 W, 2655 MHz, 15368 MHz, 84, 99 %, 93054 MiB
2026/09/04 11:05:37.101, 513.23 W, 600.00 W, 2647 MHz, 15368 MHz, 82, 99 %, 93054 MiB
2026/09/04 11:05:38.102, 506.23 W, 600.00 W, 2647 MHz, 15368 MHz, 84, 100 %, 93054 MiB
2026/09/04 11:05:39.103, 403.95 W, 600.00 W, 2730 MHz, 15368 MHz, 80, 99 %, 93054 MiB
2026/09/04 11:05:40.103, 401.76 W, 600.00 W, 2692 MHz, 15368 MHz, 81, 100 %, 93054 MiB
2026/09/04 11:05:41.104, 401.87 W, 600.00 W, 2692 MHz, 15368 MHz, 78, 99 %, 93054 MiB
2026/09/04 11:05:42.105, 407.59 W, 600.00 W, 2707 MHz, 15368 MHz, 81, 99 %, 93054 MiB
2026/09/04 11:05:43.106, 202.32 W, 600.00 W, 2812 MHz, 15368 MHz, 74, 0 %, 93054 MiB
2026/09/04 11:05:44.106, 448.00 W, 600.00 W, 2670 MHz, 15368 MHz, 82, 99 %, 93054 MiB
2026/09/04 11:05:45.107, 501.51 W, 600.00 W, 2655 MHz, 15368 MHz, 81, 100 %, 93054 MiB
2026/09/04 11:05:46.108, 504.93 W, 600.00 W, 2655 MHz, 15368 MHz, 84, 100 %, 93054 MiB
2026/09/04 11:05:47.109, 464.30 W, 600.00 W, 2670 MHz, 15368 MHz, 83, 100 %, 93054 MiB
2026/09/04 11:05:48.110, 399.30 W, 600.00 W, 2715 MHz, 15368 MHz, 83, 99 %, 93054 MiB
2026/09/04 11:05:49.111, 399.99 W, 600.00 W, 2715 MHz, 15368 MHz, 81, 99 %, 93054 MiB
2026/09/04 11:05:50.112, 405.17 W, 600.00 W, 2670 MHz, 15368 MHz, 80, 100 %, 93054 MiB
2026/09/04 11:05:51.113, 390.44 W, 600.00 W, 2745 MHz, 15368 MHz, 76, 23 %, 93054 MiB
2026/09/04 11:05:52.114, 437.32 W, 600.00 W, 2625 MHz, 15368 MHz, 82, 100 %, 93054 MiB
2026/09/04 11:05:53.115, 317.89 W, 600.00 W, 2737 MHz, 15368 MHz, 77, 99 %, 93054 MiB
2026/09/04 11:05:54.115, 306.44 W, 600.00 W, 2737 MHz, 15368 MHz, 77, 100 %, 93054 MiB
2026/09/04 11:05:55.116, 230.61 W, 600.00 W, 2805 MHz, 15368 MHz, 76, 25 %, 93054 MiB
2026/09/04 11:05:56.116, 196.03 W, 600.00 W, 2797 MHz, 15368 MHz, 74, 25 %, 93054 MiB
2026/09/04 11:05:57.117, 186.16 W, 600.00 W, 2730 MHz, 15368 MHz, 74, 25 %, 93054 MiB
2026/09/04 11:05:58.118, 185.03 W, 600.00 W, 2730 MHz, 15368 MHz, 73, 21 %, 93054 MiB
2026/09/04 11:05:59.118, 185.03 W, 600.00 W, 2730 MHz, 15368 MHz, 73, 23 %, 93054 MiB
2026/09/04 11:06:00.119, 185.06 W, 600.00 W, 2730 MHz, 15368 MHz, 73, 24 %, 93054 MiB
2026/09/04 11:06:01.119, 182.78 W, 600.00 W, 2730 MHz, 15368 MHz, 72, 22 %, 93054 MiB
2026/09/04 11:06:02.120, 183.59 W, 600.00 W, 2737 MHz, 15368 MHz, 72, 24 %, 93054 MiB
2026/09/04 11:06:03.121, 183.82 W, 600.00 W, 2730 MHz, 15368 MHz, 72, 19 %, 93054 MiB
2026/09/04 11:06:04.121, 164.74 W, 600.00 W, 2610 MHz, 15368 MHz, 70, 0 %, 93054 MiB
2026/09/04 11:06:05.122, 110.82 W, 600.00 W, 2610 MHz, 15368 MHz, 70, 6 %, 93054 MiB
2026/09/04 11:06:06.122, 391.01 W, 600.00 W, 2647 MHz, 15368 MHz, 80, 98 %, 93054 MiB
2026/09/04 11:06:07.123, 482.18 W, 600.00 W, 2730 MHz, 15368 MHz, 74, 98 %, 93054 MiB
2026/09/04 11:06:08.124, 351.71 W, 600.00 W, 2745 MHz, 15368 MHz, 76, 98 %, 93054 MiB
2026/09/04 11:06:09.125, 335.56 W, 600.00 W, 2752 MHz, 15368 MHz, 73, 31 %, 93054 MiB
2026/09/04 11:06:10.125, 516.62 W, 600.00 W, 2647 MHz, 15368 MHz, 82, 98 %, 93054 MiB
2026/09/04 11:06:11.126, 418.37 W, 600.00 W, 2730 MHz, 15368 MHz, 79, 99 %, 93054 MiB
2026/09/04 11:06:12.127, 347.46 W, 600.00 W, 2730 MHz, 15368 MHz, 75, 99 %, 93054 MiB
2026/09/04 11:06:13.128, 399.02 W, 600.00 W, 2692 MHz, 15368 MHz, 80, 99 %, 93054 MiB
2026/09/04 11:06:14.129, 563.49 W, 600.00 W, 2647 MHz, 15368 MHz, 81, 98 %, 93054 MiB
2026/09/04 11:06:15.130, 375.13 W, 600.00 W, 2722 MHz, 15368 MHz, 76, 98 %, 93054 MiB
2026/09/04 11:06:16.131, 354.28 W, 600.00 W, 2730 MHz, 15368 MHz, 78, 98 %, 93054 MiB
2026/09/04 11:06:17.132, 413.68 W, 600.00 W, 2670 MHz, 15368 MHz, 81, 98 %, 93054 MiB
2026/09/04 11:06:18.132, 565.92 W, 600.00 W, 2640 MHz, 15368 MHz, 82, 99 %, 93054 MiB
2026/09/04 11:06:19.133, 383.34 W, 600.00 W, 2722 MHz, 15368 MHz, 78, 98 %, 93054 MiB
2026/09/04 11:06:20.134, 364.37 W, 600.00 W, 2730 MHz, 15368 MHz, 79, 99 %, 93054 MiB
2026/09/04 11:06:21.135, 400.35 W, 600.00 W, 2662 MHz, 15368 MHz, 82, 99 %, 93054 MiB
2026/09/04 11:06:22.135, 563.99 W, 600.00 W, 2625 MHz, 15368 MHz, 83, 99 %, 93054 MiB
2026/09/04 11:06:23.136, 397.77 W, 600.00 W, 2722 MHz, 15368 MHz, 77, 99 %, 93054 MiB
2026/09/04 11:06:24.137, 362.45 W, 600.00 W, 2730 MHz, 15368 MHz, 78, 99 %, 93054 MiB
2026/09/04 11:06:25.138, 370.91 W, 600.00 W, 2760 MHz, 15368 MHz, 82, 99 %, 93054 MiB
2026/09/04 11:06:26.139, 564.53 W, 600.00 W, 2632 MHz, 15368 MHz, 84, 98 %, 93054 MiB
2026/09/04 11:06:27.140, 425.00 W, 600.00 W, 2722 MHz, 15368 MHz, 81, 98 %, 93054 MiB
2026/09/04 11:06:28.140, 370.06 W, 600.00 W, 2730 MHz, 15368 MHz, 78, 98 %, 93054 MiB
2026/09/04 11:06:29.141, 337.26 W, 600.00 W, 2760 MHz, 15368 MHz, 74, 0 %, 93054 MiB
2026/09/04 11:06:30.142, 551.52 W, 600.00 W, 2625 MHz, 15368 MHz, 83, 98 %, 93054 MiB
2026/09/04 11:06:31.143, 494.80 W, 600.00 W, 2722 MHz, 15368 MHz, 80, 99 %, 93054 MiB
2026/09/04 11:06:32.144, 369.78 W, 600.00 W, 2722 MHz, 15368 MHz, 81, 99 %, 93054 MiB
2026/09/04 11:06:33.144, 381.46 W, 600.00 W, 2730 MHz, 15368 MHz, 79, 98 %, 93054 MiB
2026/09/04 11:06:34.145, 410.10 W, 600.00 W, 2655 MHz, 15368 MHz, 83, 99 %, 93054 MiB
2026/09/04 11:06:35.146, 565.76 W, 600.00 W, 2640 MHz, 15368 MHz, 83, 98 %, 93054 MiB
2026/09/04 11:06:36.146, 418.03 W, 600.00 W, 2715 MHz, 15368 MHz, 81, 99 %, 93054 MiB
2026/09/04 11:06:37.150, 385.06 W, 600.00 W, 2730 MHz, 15368 MHz, 80, 98 %, 93054 MiB
2026/09/04 11:06:38.150, 349.91 W, 600.00 W, 2745 MHz, 15368 MHz, 75, 11 %, 93054 MiB
2026/09/04 11:06:39.151, 481.80 W, 600.00 W, 2640 MHz, 15368 MHz, 83, 98 %, 93054 MiB
2026/09/04 11:06:40.152, 517.66 W, 600.00 W, 2677 MHz, 15368 MHz, 80, 98 %, 93054 MiB
2026/09/04 11:06:41.153, 386.16 W, 600.00 W, 2730 MHz, 15368 MHz, 79, 99 %, 93054 MiB
2026/09/04 11:06:42.154, 377.07 W, 600.00 W, 2730 MHz, 15368 MHz, 80, 98 %, 93054 MiB
2026/09/04 11:06:43.154, 353.49 W, 600.00 W, 2760 MHz, 15368 MHz, 81, 95 %, 93054 MiB
2026/09/04 11:06:44.155, 557.23 W, 600.00 W, 2632 MHz, 15368 MHz, 84, 99 %, 93054 MiB
2026/09/04 11:06:45.156, 486.48 W, 600.00 W, 2707 MHz, 15368 MHz, 78, 100 %, 93054 MiB
2026/09/04 11:06:46.157, 381.01 W, 600.00 W, 2715 MHz, 15368 MHz, 81, 99 %, 93054 MiB
2026/09/04 11:06:47.158, 384.62 W, 600.00 W, 2722 MHz, 15368 MHz, 81, 98 %, 93054 MiB
2026/09/04 11:06:48.159, 357.13 W, 600.00 W, 2692 MHz, 15368 MHz, 81, 99 %, 93054 MiB
2026/09/04 11:06:49.160, 562.77 W, 600.00 W, 2625 MHz, 15368 MHz, 85, 99 %, 93054 MiB
2026/09/04 11:06:50.160, 469.86 W, 600.00 W, 2700 MHz, 15368 MHz, 82, 99 %, 93054 MiB
2026/09/04 11:06:51.161, 385.87 W, 600.00 W, 2700 MHz, 15368 MHz, 83, 99 %, 93054 MiB
2026/09/04 11:06:52.162, 385.39 W, 600.00 W, 2715 MHz, 15368 MHz, 78, 98 %, 93054 MiB
2026/09/04 11:06:53.163, 345.29 W, 600.00 W, 2722 MHz, 15368 MHz, 83, 98 %, 93054 MiB
2026/09/04 11:06:54.164, 554.62 W, 600.00 W, 2632 MHz, 15368 MHz, 83, 98 %, 93054 MiB
2026/09/04 11:06:55.164, 491.58 W, 600.00 W, 2707 MHz, 15368 MHz, 84, 99 %, 93054 MiB
2026/09/04 11:06:56.165, 384.10 W, 600.00 W, 2707 MHz, 15368 MHz, 79, 98 %, 93054 MiB
2026/09/04 11:06:57.166, 389.02 W, 600.00 W, 2715 MHz, 15368 MHz, 83, 99 %, 93054 MiB
2026/09/04 11:06:58.167, 318.26 W, 600.00 W, 2797 MHz, 15368 MHz, 76, 21 %, 93054 MiB
2026/09/04 11:06:59.168, 546.31 W, 600.00 W, 2625 MHz, 15368 MHz, 85, 99 %, 93054 MiB
2026/09/04 11:07:00.169, 527.43 W, 600.00 W, 2662 MHz, 15368 MHz, 82, 99 %, 93054 MiB
2026/09/04 11:07:01.170, 395.96 W, 600.00 W, 2722 MHz, 15368 MHz, 79, 98 %, 93054 MiB
2026/09/04 11:07:02.171, 390.65 W, 600.00 W, 2715 MHz, 15368 MHz, 79, 100 %, 93054 MiB
2026/09/04 11:07:03.171, 348.02 W, 600.00 W, 2767 MHz, 15368 MHz, 76, 0 %, 93054 MiB
2026/09/04 11:07:04.172, 467.31 W, 600.00 W, 2640 MHz, 15368 MHz, 84, 98 %, 93054 MiB
2026/09/04 11:07:05.173, 559.67 W, 600.00 W, 2625 MHz, 15368 MHz, 85, 99 %, 93054 MiB
2026/09/04 11:07:06.174, 415.39 W, 600.00 W, 2700 MHz, 15368 MHz, 81, 99 %, 93054 MiB
2026/09/04 11:07:07.175, 398.96 W, 600.00 W, 2707 MHz, 15368 MHz, 81, 99 %, 93054 MiB
2026/09/04 11:07:08.176, 392.68 W, 600.00 W, 2700 MHz, 15368 MHz, 78, 98 %, 93054 MiB
2026/09/04 11:07:09.176, 345.48 W, 600.00 W, 2655 MHz, 15368 MHz, 83, 98 %, 93054 MiB
2026/09/04 11:07:10.177, 549.57 W, 600.00 W, 2640 MHz, 15368 MHz, 84, 99 %, 93054 MiB
2026/09/04 11:07:11.178, 508.99 W, 600.00 W, 2707 MHz, 15368 MHz, 82, 99 %, 93054 MiB
2026/09/04 11:07:12.179, 400.42 W, 600.00 W, 2715 MHz, 15368 MHz, 79, 100 %, 93054 MiB
2026/09/04 11:07:13.180, 393.88 W, 600.00 W, 2707 MHz, 15368 MHz, 83, 99 %, 93054 MiB
2026/09/04 11:07:14.181, 363.19 W, 600.00 W, 2722 MHz, 15368 MHz, 76, 0 %, 93054 MiB
2026/09/04 11:07:15.181, 413.54 W, 600.00 W, 2640 MHz, 15368 MHz, 83, 100 %, 93054 MiB
2026/09/04 11:07:16.182, 555.68 W, 600.00 W, 2625 MHz, 15368 MHz, 86, 99 %, 93054 MiB
2026/09/04 11:07:17.183, 470.08 W, 600.00 W, 2692 MHz, 15368 MHz, 78, 99 %, 93054 MiB
2026/09/04 11:07:18.184, 408.29 W, 600.00 W, 2715 MHz, 15368 MHz, 82, 99 %, 93054 MiB
2026/09/04 11:07:19.184, 407.50 W, 600.00 W, 2715 MHz, 15368 MHz, 79, 100 %, 93054 MiB
2026/09/04 11:07:20.185, 325.42 W, 600.00 W, 2812 MHz, 15368 MHz, 75, 0 %, 93054 MiB
2026/09/04 11:07:21.186, 487.35 W, 600.00 W, 2640 MHz, 15368 MHz, 85, 100 %, 93054 MiB
2026/09/04 11:07:22.187, 551.22 W, 600.00 W, 2625 MHz, 15368 MHz, 85, 99 %, 93054 MiB
2026/09/04 11:07:23.188, 455.24 W, 600.00 W, 2722 MHz, 15368 MHz, 82, 100 %, 93054 MiB
2026/09/04 11:07:24.189, 393.01 W, 600.00 W, 2692 MHz, 15368 MHz, 80, 99 %, 93054 MiB
2026/09/04 11:07:25.190, 398.04 W, 600.00 W, 2707 MHz, 15368 MHz, 83, 99 %, 93054 MiB
2026/09/04 11:07:26.190, 299.59 W, 600.00 W, 2812 MHz, 15368 MHz, 75, 0 %, 93054 MiB
2026/09/04 11:07:27.191, 451.49 W, 600.00 W, 2647 MHz, 15368 MHz, 83, 99 %, 93054 MiB
2026/09/04 11:07:28.192, 542.42 W, 600.00 W, 2632 MHz, 15368 MHz, 83, 99 %, 93054 MiB
2026/09/04 11:07:29.193, 453.41 W, 600.00 W, 2707 MHz, 15368 MHz, 82, 99 %, 93054 MiB
2026/09/04 11:07:30.194, 395.58 W, 600.00 W, 2715 MHz, 15368 MHz, 82, 99 %, 93054 MiB
2026/09/04 11:07:31.195, 401.68 W, 600.00 W, 2730 MHz, 15368 MHz, 82, 99 %, 93054 MiB
2026/09/04 11:07:32.195, 345.86 W, 600.00 W, 2790 MHz, 15368 MHz, 76, 0 %, 93054 MiB
2026/09/04 11:07:33.196, 424.13 W, 600.00 W, 2677 MHz, 15368 MHz, 83, 100 %, 93054 MiB
2026/09/04 11:07:34.197, 544.36 W, 600.00 W, 2662 MHz, 15368 MHz, 84, 99 %, 93054 MiB
2026/09/04 11:07:35.198, 500.69 W, 600.00 W, 2722 MHz, 15368 MHz, 82, 99 %, 93054 MiB
2026/09/04 11:07:36.199, 406.37 W, 600.00 W, 2730 MHz, 15368 MHz, 82, 99 %, 93054 MiB
2026/09/04 11:07:37.200, 406.31 W, 600.00 W, 2730 MHz, 15368 MHz, 82, 99 %, 93054 MiB
2026/09/04 11:07:38.200, 408.71 W, 600.00 W, 2722 MHz, 15368 MHz, 82, 99 %, 93054 MiB
2026/09/04 11:07:39.201, 285.23 W, 600.00 W, 2722 MHz, 15368 MHz, 82, 99 %, 93054 MiB
2026/09/04 11:07:40.202, 536.18 W, 600.00 W, 2632 MHz, 15368 MHz, 84, 98 %, 93054 MiB
2026/09/04 11:07:41.202, 541.61 W, 600.00 W, 2632 MHz, 15368 MHz, 85, 99 %, 93054 MiB
2026/09/04 11:07:42.204, 437.32 W, 600.00 W, 2685 MHz, 15368 MHz, 81, 98 %, 93054 MiB
2026/09/04 11:07:43.204, 403.90 W, 600.00 W, 2692 MHz, 15368 MHz, 84, 99 %, 93054 MiB
2026/09/04 11:07:44.205, 399.83 W, 600.00 W, 2692 MHz, 15368 MHz, 83, 99 %, 93054 MiB
2026/09/04 11:07:45.210, 312.00 W, 600.00 W, 2812 MHz, 15368 MHz, 75, 0 %, 93054 MiB
2026/09/04 11:07:46.211, 418.71 W, 600.00 W, 2647 MHz, 15368 MHz, 82, 99 %, 93054 MiB
2026/09/04 11:07:47.212, 532.03 W, 600.00 W, 2640 MHz, 15368 MHz, 86, 99 %, 93054 MiB
2026/09/04 11:07:48.213, 499.30 W, 600.00 W, 2670 MHz, 15368 MHz, 79, 99 %, 93054 MiB
2026/09/04 11:07:49.213, 407.52 W, 600.00 W, 2692 MHz, 15368 MHz, 84, 99 %, 93054 MiB
2026/09/04 11:07:50.214, 396.19 W, 600.00 W, 2692 MHz, 15368 MHz, 81, 99 %, 93054 MiB
2026/09/04 11:07:51.215, 406.49 W, 600.00 W, 2685 MHz, 15368 MHz, 82, 99 %, 93054 MiB
2026/09/04 11:07:52.216, 254.55 W, 600.00 W, 2812 MHz, 15368 MHz, 76, 9 %, 93054 MiB
2026/09/04 11:07:53.217, 510.73 W, 600.00 W, 2647 MHz, 15368 MHz, 82, 99 %, 93054 MiB
2026/09/04 11:07:54.218, 528.85 W, 600.00 W, 2632 MHz, 15368 MHz, 85, 99 %, 93054 MiB
2026/09/04 11:07:55.218, 485.75 W, 600.00 W, 2707 MHz, 15368 MHz, 84, 100 %, 93054 MiB
2026/09/04 11:07:56.219, 394.16 W, 600.00 W, 2730 MHz, 15368 MHz, 82, 99 %, 93054 MiB
2026/09/04 11:07:57.220, 398.55 W, 600.00 W, 2715 MHz, 15368 MHz, 81, 99 %, 93054 MiB
2026/09/04 11:07:58.221, 406.46 W, 600.00 W, 2685 MHz, 15368 MHz, 79, 99 %, 93054 MiB
2026/09/04 11:07:59.221, 271.90 W, 600.00 W, 2797 MHz, 15368 MHz, 84, 99 %, 93054 MiB
2026/09/04 11:08:00.222, 517.41 W, 600.00 W, 2647 MHz, 15368 MHz, 86, 99 %, 93054 MiB
2026/09/04 11:08:01.223, 536.79 W, 600.00 W, 2632 MHz, 15368 MHz, 84, 98 %, 93054 MiB
2026/09/04 11:08:02.225, 480.08 W, 600.00 W, 2685 MHz, 15368 MHz, 81, 100 %, 93054 MiB
2026/09/04 11:08:03.226, 408.69 W, 600.00 W, 2722 MHz, 15368 MHz, 82, 100 %, 93054 MiB
2026/09/04 11:08:04.227, 402.75 W, 600.00 W, 2722 MHz, 15368 MHz, 82, 99 %, 93054 MiB
2026/09/04 11:08:05.228, 407.69 W, 600.00 W, 2685 MHz, 15368 MHz, 79, 99 %, 93054 MiB
2026/09/04 11:08:06.228, 220.75 W, 600.00 W, 2812 MHz, 15368 MHz, 81, 34 %, 93054 MiB
2026/09/04 11:08:07.229, 485.84 W, 600.00 W, 2647 MHz, 15368 MHz, 83, 99 %, 93054 MiB
2026/09/04 11:08:08.230, 528.61 W, 600.00 W, 2632 MHz, 15368 MHz, 83, 99 %, 93054 MiB
2026/09/04 11:08:09.231, 493.45 W, 600.00 W, 2685 MHz, 15368 MHz, 80, 99 %, 93054 MiB
2026/09/04 11:08:10.231, 404.12 W, 600.00 W, 2685 MHz, 15368 MHz, 79, 99 %, 93054 MiB
2026/09/04 11:08:11.232, 407.29 W, 600.00 W, 2715 MHz, 15368 MHz, 82, 100 %, 93054 MiB
2026/09/04 11:08:12.233, 399.37 W, 600.00 W, 2715 MHz, 15368 MHz, 81, 99 %, 93054 MiB
2026/09/04 11:08:13.234, 299.49 W, 600.00 W, 2812 MHz, 15368 MHz, 75, 0 %, 93054 MiB
2026/09/04 11:08:14.234, 396.31 W, 600.00 W, 2655 MHz, 15368 MHz, 85, 99 %, 93054 MiB
2026/09/04 11:08:15.235, 527.93 W, 600.00 W, 2640 MHz, 15368 MHz, 86, 99 %, 93054 MiB
2026/09/04 11:08:16.236, 523.89 W, 600.00 W, 2640 MHz, 15368 MHz, 86, 99 %, 93054 MiB
2026/09/04 11:08:17.236, 421.51 W, 600.00 W, 2685 MHz, 15368 MHz, 79, 100 %, 93054 MiB
2026/09/04 11:08:18.237, 404.18 W, 600.00 W, 2730 MHz, 15368 MHz, 82, 99 %, 93054 MiB
2026/09/04 11:08:19.240, 409.65 W, 600.00 W, 2692 MHz, 15368 MHz, 80, 98 %, 93054 MiB
2026/09/04 11:08:20.241, 412.19 W, 600.00 W, 2685 MHz, 15368 MHz, 80, 99 %, 93054 MiB
2026/09/04 11:08:21.241, 228.07 W, 600.00 W, 2752 MHz, 15368 MHz, 81, 99 %, 93054 MiB
2026/09/04 11:08:22.242, 500.31 W, 600.00 W, 2685 MHz, 15368 MHz, 84, 99 %, 93054 MiB
2026/09/04 11:08:23.243, 520.06 W, 600.00 W, 2670 MHz, 15368 MHz, 83, 100 %, 93054 MiB
2026/09/04 11:08:24.244, 504.76 W, 600.00 W, 2700 MHz, 15368 MHz, 84, 98 %, 93054 MiB
2026/09/04 11:08:25.245, 402.89 W, 600.00 W, 2730 MHz, 15368 MHz, 82, 100 %, 93054 MiB
2026/09/04 11:08:26.246, 412.86 W, 600.00 W, 2722 MHz, 15368 MHz, 79, 99 %, 93054 MiB
2026/09/04 11:08:27.247, 411.07 W, 600.00 W, 2722 MHz, 15368 MHz, 82, 100 %, 93054 MiB
2026/09/04 11:08:28.247, 383.12 W, 600.00 W, 2745 MHz, 15368 MHz, 76, 0 %, 93054 MiB
2026/09/04 11:08:29.248, 227.66 W, 600.00 W, 2722 MHz, 15368 MHz, 81, 99 %, 93054 MiB
2026/09/04 11:08:30.249, 515.81 W, 600.00 W, 2655 MHz, 15368 MHz, 86, 99 %, 93054 MiB
2026/09/04 11:08:31.250, 520.76 W, 600.00 W, 2640 MHz, 15368 MHz, 85, 100 %, 93054 MiB
2026/09/04 11:08:32.250, 489.41 W, 600.00 W, 2685 MHz, 15368 MHz, 80, 99 %, 93054 MiB
2026/09/04 11:08:33.251, 414.76 W, 600.00 W, 2692 MHz, 15368 MHz, 82, 100 %, 93054 MiB
2026/09/04 11:08:34.252, 397.32 W, 600.00 W, 2707 MHz, 15368 MHz, 81, 98 %, 93054 MiB
2026/09/04 11:08:35.253, 401.99 W, 600.00 W, 2685 MHz, 15368 MHz, 81, 100 %, 93054 MiB
2026/09/04 11:08:36.254, 360.33 W, 600.00 W, 2775 MHz, 15368 MHz, 76, 0 %, 93054 MiB
2026/09/04 11:08:37.255, 271.55 W, 600.00 W, 2677 MHz, 15368 MHz, 83, 100 %, 93054 MiB
2026/09/04 11:08:38.256, 513.58 W, 600.00 W, 2655 MHz, 15368 MHz, 82, 100 %, 93054 MiB
2026/09/04 11:08:39.256, 518.30 W, 600.00 W, 2640 MHz, 15368 MHz, 85, 99 %, 93054 MiB
2026/09/04 11:08:40.257, 472.42 W, 600.00 W, 2715 MHz, 15368 MHz, 82, 99 %, 93054 MiB
2026/09/04 11:08:41.258, 407.57 W, 600.00 W, 2685 MHz, 15368 MHz, 80, 99 %, 93054 MiB
2026/09/04 11:08:42.259, 404.48 W, 600.00 W, 2722 MHz, 15368 MHz, 81, 99 %, 93054 MiB
2026/09/04 11:08:43.259, 406.31 W, 600.00 W, 2685 MHz, 15368 MHz, 79, 99 %, 93054 MiB
2026/09/04 11:08:44.260, 358.05 W, 600.00 W, 2775 MHz, 15368 MHz, 76, 0 %, 93054 MiB
2026/09/04 11:08:45.261, 265.06 W, 600.00 W, 2677 MHz, 15368 MHz, 81, 100 %, 93054 MiB
2026/09/04 11:08:46.261, 508.69 W, 600.00 W, 2640 MHz, 15368 MHz, 83, 98 %, 93054 MiB
2026/09/04 11:08:47.262, 501.82 W, 600.00 W, 2640 MHz, 15368 MHz, 82, 100 %, 93054 MiB
2026/09/04 11:08:48.263, 495.84 W, 600.00 W, 2662 MHz, 15368 MHz, 85, 99 %, 93054 MiB
2026/09/04 11:08:49.263, 399.10 W, 600.00 W, 2737 MHz, 15368 MHz, 81, 99 %, 93054 MiB
2026/09/04 11:08:50.264, 406.06 W, 600.00 W, 2677 MHz, 15368 MHz, 80, 99 %, 93054 MiB
2026/09/04 11:08:51.265, 400.81 W, 600.00 W, 2722 MHz, 15368 MHz, 81, 99 %, 93054 MiB
2026/09/04 11:08:52.266, 415.52 W, 600.00 W, 2685 MHz, 15368 MHz, 82, 99 %, 93054 MiB
2026/09/04 11:08:53.267, 191.01 W, 600.00 W, 2812 MHz, 15368 MHz, 80, 57 %, 93054 MiB
2026/09/04 11:08:54.267, 477.86 W, 600.00 W, 2655 MHz, 15368 MHz, 85, 99 %, 93054 MiB
2026/09/04 11:08:55.268, 512.07 W, 600.00 W, 2655 MHz, 15368 MHz, 82, 99 %, 93054 MiB
2026/09/04 11:08:56.269, 506.98 W, 600.00 W, 2647 MHz, 15368 MHz, 85, 100 %, 93054 MiB
2026/09/04 11:08:57.270, 434.20 W, 600.00 W, 2737 MHz, 15368 MHz, 82, 99 %, 93054 MiB
2026/09/04 11:08:58.271, 407.54 W, 600.00 W, 2685 MHz, 15368 MHz, 81, 100 %, 93054 MiB
2026/09/04 11:08:59.272, 403.96 W, 600.00 W, 2707 MHz, 15368 MHz, 81, 98 %, 93054 MiB
2026/09/04 11:09:00.272, 408.58 W, 600.00 W, 2700 MHz, 15368 MHz, 83, 100 %, 93054 MiB
2026/09/04 11:09:01.273, 288.96 W, 600.00 W, 2812 MHz, 15368 MHz, 75, 0 %, 93054 MiB
2026/09/04 11:09:02.274, 321.23 W, 600.00 W, 2670 MHz, 15368 MHz, 84, 99 %, 93054 MiB
2026/09/04 11:09:03.275, 505.12 W, 600.00 W, 2655 MHz, 15368 MHz, 82, 99 %, 93054 MiB
2026/09/04 11:09:04.275, 497.36 W, 600.00 W, 2647 MHz, 15368 MHz, 82, 100 %, 93054 MiB
2026/09/04 11:09:05.276, 493.67 W, 600.00 W, 2640 MHz, 15368 MHz, 82, 99 %, 93054 MiB
2026/09/04 11:09:06.277, 400.65 W, 600.00 W, 2700 MHz, 15368 MHz, 81, 100 %, 93054 MiB
2026/09/04 11:09:07.278, 408.74 W, 600.00 W, 2730 MHz, 15368 MHz, 81, 100 %, 93054 MiB
2026/09/04 11:09:08.279, 403.30 W, 600.00 W, 2685 MHz, 15368 MHz, 78, 100 %, 93054 MiB
2026/09/04 11:09:09.280, 405.58 W, 600.00 W, 2700 MHz, 15368 MHz, 79, 99 %, 93054 MiB
2026/09/04 11:09:10.280, 385.58 W, 600.00 W, 2640 MHz, 15368 MHz, 84, 100 %, 93054 MiB
2026/09/04 11:09:11.281, 405.49 W, 600.00 W, 2745 MHz, 15368 MHz, 78, 99 %, 93054 MiB
2026/09/04 11:09:12.282, 303.38 W, 600.00 W, 2745 MHz, 15368 MHz, 77, 100 %, 93054 MiB
2026/09/04 11:09:13.283, 258.96 W, 600.00 W, 2805 MHz, 15368 MHz, 76, 25 %, 93054 MiB
2026/09/04 11:09:14.284, 197.74 W, 600.00 W, 2805 MHz, 15368 MHz, 75, 25 %, 93054 MiB
2026/09/04 11:09:15.284, 188.66 W, 600.00 W, 2730 MHz, 15368 MHz, 74, 24 %, 93054 MiB
2026/09/04 11:09:16.285, 188.09 W, 600.00 W, 2730 MHz, 15368 MHz, 74, 25 %, 93054 MiB
2026/09/04 11:09:17.285, 184.61 W, 600.00 W, 2730 MHz, 15368 MHz, 73, 23 %, 93054 MiB
2026/09/04 11:09:18.286, 185.80 W, 600.00 W, 2730 MHz, 15368 MHz, 73, 19 %, 93054 MiB
2026/09/04 11:09:19.286, 185.98 W, 600.00 W, 2730 MHz, 15368 MHz, 73, 21 %, 93054 MiB
2026/09/04 11:09:20.288, 185.44 W, 600.00 W, 2722 MHz, 15368 MHz, 73, 27 %, 93054 MiB
2026/09/04 11:09:21.289, 186.46 W, 600.00 W, 2737 MHz, 15368 MHz, 72, 25 %, 93054 MiB
2026/09/04 11:09:22.290, 185.03 W, 600.00 W, 2730 MHz, 15368 MHz, 72, 26 %, 82280 MiB
2026/09/04 11:09:23.290, 115.26 W, 600.00 W, 2610 MHz, 15368 MHz, 70, 0 %, 80714 MiB
2026/09/04 11:09:24.875, 111.20 W, 600.00 W, 2610 MHz, 15368 MHz, 70, 0 %, 80714 MiB
2026/09/04 11:09:25.876, 110.05 W, 600.00 W, 2610 MHz, 15368 MHz, 70, 61 %, 41 MiB
2026/09/04 11:09:26.876, 136.95 W, 600.00 W, 2812 MHz, 16004 MHz, 69, 0 %, 41 MiB
